feature_id,name,category,subcategory,street,barangay,Latitude,Longitude,location_description,operating_status,opening_hours,contact_info,collector,date_collected,remarks,verified
LUC_B01_001,Mr. Yap Fresh Buko,Other,Other,Quezon Avenue,Barangay 1,14.113917667,121.558059333,Not Provided,Open,Not Provided,Not Provided,"Cadao, Janusz Gabriel S.",2026-10-03,Not Provided,Yes
LUC_B01_002,Osolle Electrical Supply,Retail,Electronics,La Purisima Concepcion,Barangay 1,14.11401,121.557813333,Not Provided,Open,Not Provided,09605149058,"Cadao, Janusz Gabriel S.",2026-10-03,Not Provided,Yes
LUC_B01_003,Rkov Motorcle Parts,Automotive,Parts Shop,La Purisima Concepcion,Barangay 1,14.11416,121.55741,Not Provided,Open,Not Provided,Not Provided,"Cadao, Janusz Gabriel S.",2026-10-03,Not Provided,Yes
LUC_B01_004,Yssa's Sari-sari Store,Retail,Sari-Sari Store,La Purisima Concepcion,Barangay 1,14.1142175,121.557288333,Not Provided,Open,Not Provided,Not Provided,"Cadao, Janusz Gabriel S.",2026-10-03,Not Provided,Yes
LUC_B01_005,Purr J,Retail,Other,La Purisima Concepcion,Barangay 1,14.114335333,121.557111667,Not Provided,Open,Not Provided,Not Provided,"Cadao, Janusz Gabriel S.",2026-10-03,Not Provided,Yes
LUC_B01_006,Flora's Sari-sari Store,Retail,Sari-Sari Store,La Purisima Concepcion,Barangay 1,14.114241667,121.557008333,Not Provided,Open,Not Provided,Not Provided,"Cadao, Janusz Gabriel S.",2026-10-03,Not Provided,Yes
LUC_B01_007,Kabasi's Sari-sari Store,Retail,Sari-Sari Store,La Purisima Concepcion,Barangay 1,14.114413333,121.55688875,Not Provided,Closed,06:00 AM - 10:00 PM,Not Provided,"Cadao, Janusz Gabriel S.",2026-10-03,Not Provided,Yes
LUC_B01_008,Rosemarie Store,Retail,Sari-Sari Store,La Purisima Concepcion,Barangay 1,14.114548095,121.556532619,Not Provided,Open,Not Provided,Not Provided,"Cadao, Janusz Gabriel S.",2026-10-03,Not Provided,Yes
LUC_B01_009,Good Shepherd Diocesan School-IFI,Other,Other,La Purisima Concepcion,Barangay 1,14.114551458,121.556408333,Not Provided,Open,Not Provided,Not Provided,"Cadao, Janusz Gabriel S.",2026-10-03,Not Provided,Yes
LUC_B01_010,Kenby Pet Supplies,Retail,Other,La Purisima Concepcion,Barangay 1,14.114696667,121.55616,Not Provided,Open,Not Provided,Not Provided,"Cadao, Janusz Gabriel S.",2026-10-03,Not Provided,Yes
LUC_B01_011,Chicks and Babes,Food and Dining,Restaurant,La Purisima Concepcion,Barangay 1,14.114675,121.556066667,Not Provided,Open,Not Provided,09088978077,"Cadao, Janusz Gabriel S.",2026-10-03,Not Provided,Yes
LUC_B01_012,Agee's Food Hub,Food and Dining,Eatery,La Purisima Concepcion,Barangay 1,14.114732917,121.555983333,Not Provided,Open,Not Provided,Not Provided,"Cadao, Janusz Gabriel S.",2026-10-03,Not Provided,Yes
LUC_B01_013,The Lemon Hub Ph,Food and Dining,Other,Don V. Cadelina,Barangay 1,14.114925,121.556148333,Not Provided,Open,Not Provided,Not Provided,"Cadao, Janusz Gabriel S.",2026-10-03,Not Provided,Yes
LUC_B01_014,FE Store,Retail,Sari-Sari Store,Don V. Cadelina,Barangay 1,14.115009762,121.556068333,Not Provided,Open,Not Provided,Not Provided,"Cadao, Janusz Gabriel S.",2026-10-03,Not Provided,Yes
LUC_B01_015,Aldartek Engineering Services,Professional Services,Electronics,Lopez Jaena,Barangay 1,14.114951667,121.556375,Not Provided,Open,Not Provided,09228404233,"Cadao, Janusz Gabriel S.",2026-10-03,Not Provided,Yes
LUC_B01_016,V.L. Avila Variety Store,Retail,Sari-Sari Store,Lopez Jaena,Barangay 1,14.114858333,121.556506667,Not Provided,Open,Not Provided,Not Provided,"Cadao, Janusz Gabriel S.",2026-10-03,Not Provided,Yes
LUC_B01_017,PH Resto,Food and Dining,Restaurant,Lopez Jaena,Barangay 1,14.114627667,121.557076667,Not Provided,Open,Not Provided,Not Provided,"Cadao, Janusz Gabriel S.",2026-10-03,Not Provided,Yes
LUC_B10_001,"mommy's tacos, burgers and pizzas",Food and Dining,Eatery,G. Cadeliña,Barangay 10,14.112738333,121.55746,food stall at the front with an eatery inside,Open,09:00 AM - 08:00 PM,Not Provided,"Pandakila, Heero Miles R.",2026-10-03,Not Provided,Yes
LUC_B10_002,bnb laundry,Personal Services,Laundry,G. Cadeliña,Barangay 10,14.112738333,121.55746,"Next to mommy's tacos, burgers and pizzas",Open,07:00 AM - 07:00 PM,Not Provided,"Pandakila, Heero Miles R.",2026-10-03,Not Provided,Yes
LUC_B10_003,Star commecial,Retail,Grocery,G. Cadeliña,Barangay 10,14.112719583,121.557560667,"face to face of mommy's tacos, burger and pizzas",Open,07:00 AM - 07:00 PM,Not Provided,"Pandakila, Heero Miles R.",2026-10-03,Not Provided,Yes
LUC_B10_004,BOSS RICO,Personal Services,Laundry,G. Cadeliña,Barangay 10,14.11305719,121.557718476,At the corner next to the pandesalan,Open,06:30 AM - 07:30 PM,0917-586-5777,"Vital, Richard Farrell E.",2026-10-03,Not Provided,Yes
LUC_B10_005,MANG-BUDONG,Food and Dining,Bakery,Quezon Avenue,Barangay 10,14.113050556,121.5578625,blue front gate with big sign,Open,Not Provided,Not Provided,"Vital, Richard Farrell E.",2026-10-03,Not Provided,Yes
LUC_B10_006,ABUSTAN LAPIDA,Other,Other,Quezon Avenue,Barangay 10,14.113017963,121.55785713,green gate at the front,Open,08:00 AM - 05:00 PM,0967-046-7277,"Palegar, Luis Alphonso N.",2026-10-03,Closed on Saturdays,Yes
LUC_B10_007,Sachoko salon,Personal Services,Salon,Quezon Avenue,Barangay 10,14.113052816,121.557951897,faced with a empty lot,,Not Provided,Not Provided,"Palegar, Luis Alphonso N.",2026-10-03,Not Provided,Yes
LUC_B10_008,Express Pay,Financial,Other,Quezon Avenue,Barangay 10,14.112986414,121.557925202,faced with a empty lot,Open,08:00 AM - 07:00 PM,Not Provided,"Palegar, Luis Alphonso N.",2026-10-03,Not Provided,Yes
LUC_B10_009,Butcherrol,Other,Other,Quezon Avenue,Barangay 10,14.112967083,121.557964167,Not Provided,Open,Not Provided,0917-870-1113,"Palegar, Luis Alphonso N.",2026-10-03,Not Provided,Yes
LUC_B10_010,BugMac,Food and Dining,Fast Food,Quezon Avenue,Barangay 10,14.112948611,121.558051667,Not Provided,Open,24/7,Not Provided,"Palegar, Luis Alphonso N.",2026-10-03,Not Provided,Yes
LUC_B10_011,Itlog ni KUYA,Food and Dining,Grocery,Quezon Avenue,Barangay 10,14.112911111,121.558054167,Not Provided,Open,Not Provided,Not Provided,"Pandakila, Heero Miles R.",2026-10-03,Not Provided,Yes
LUC_B10_012,Kikay's MENU,Food and Dining,Eatery,Quezon Avenue,Barangay 10,14.112870152,121.55818101,Not Provided,Open,Not Provided,Not Provided,"Pandakila, Heero Miles R.",2026-10-03,Not Provided,Yes
LUC_B10_013,MSS Driving School,Other,Other,San Luis,Barangay 10,14.113223333,121.558346667,Not Provided,Closed,Not Provided,0966-983-1651,"Vital, Richard Farrell E.",2026-10-03,Not Provided,Yes
LUC_B10_014,Ester`s Shop,Food and Dining,Sari-Sari Store,San Luis,Barangay 10,14.113171667,121.558091667,Not Provided,Open,Not Provided,Not Provided,"Vital, Richard Farrell E.",2026-10-03,Not Provided,Yes
LUC_B10_015,Labadami,Personal Services,Laundry,San Luis,Barangay 10,14.113301806,121.557901111,Not Provided,Open,Not Provided,09176388802,"Palegar, Luis Alphonso N.",2026-10-03,Not Provided,Yes
LUC_B10_016,MYB,Retail,Clothing,G. Cadeliña,Barangay 10,14.113256667,121.557765,Not Provided,Open,Not Provided,Not Provided,"Palegar, Luis Alphonso N.",2026-10-03,Not Provided,Yes
LUC_B10_017,El Vape,Other,Other,G. Cadeliña,Barangay 10,14.113166667,121.557856667,Not Provided,Open,Not Provided,Not Provided,"Pandakila, Heero Miles R.",2026-10-03,Not Provided,Yes
LUC_B10_018,Rhodora Vegetable Store,Food and Dining,Sari-Sari Store,G. Cadeliña,Barangay 10,14.113246667,121.557851667,Not Provided,Open,Not Provided,Not Provided,"Pandakila, Heero Miles R.",2026-10-03,Not Provided,Yes
LUC_B10_019,Labhi Matrims Laundry Hub,Personal Services,Laundry,G. Cadeliña,Barangay 10,14.113306667,121.55784,Not Provided,Open,Not Provided,Not Provided,"Broqueza, Mikyla C.",2026-10-03,Not Provided,Yes
LUC_B10_020,Bajong,Food and Dining,Eatery,G. Cadeliña,Barangay 10,14.11341,121.557875,Not Provided,Open,Not Provided,Not Provided,"Broqueza, Mikyla C.",2026-10-03,Not Provided,Yes
LUC_B10_021,Louie - Anne's Boutique,Personal Services,Clothing,Quezon Avenue,Barangay 10,14.113615,121.557655,Not Provided,Open,Not Provided,09204030297,"Vital, Richard Farrell E.",2026-10-03,Not Provided,Yes
LUC_B10_022,Boss Tabi Inihaw,Food and Dining,Eatery,Quezon Avenue,Barangay 10,14.113625,121.557573333,Not Provided,Open,Not Provided,09157217881,"Vital, Richard Farrell E.",2026-10-03,Not Provided,Yes
LUC_B10_023,Boss Tabi Inihaw,Food and Dining,Eatery,Quezon Avenue,Barangay 10,14.113625,121.557573333,Not Provided,Open,Not Provided,09157217881,"Vital, Richard Farrell E.",2026-10-03,Not Provided,Yes
LUC_B10_024,Aqua Dream,Other,Other,San Luis,Barangay 10,14.113264333,121.557736667,water refilling station,Open,Not Provided,09103976399,"Broqueza, Mikyla C.",2026-10-03,Not Provided,Yes
LUC_B10_025,Lagdameo,Personal Services,Salon,San Luis,Barangay 10,14.113256667,121.557686667,With glass sliding door,Open,Not Provided,Not Provided,"Broqueza, Mikyla C.",2026-10-03,Not Provided,Yes
LUC_B10_026,L Bistro,Other,Other,San Luis,Barangay 10,14.113237083,121.557754583,Next to Lagdameo,Open,Not Provided,Not Provided,"Broqueza, Mikyla C.",2026-10-03,Not Provided,Yes
LUC_B10_027,Tea Spot,Food and Dining,Cafe,San Luis,Barangay 10,14.113378333,121.557635,white wall paint,Open,Not Provided,Not Provided,"Broqueza, Mikyla C.",2026-10-03,Not Provided,Yes
LUC_B10_028,The Vegehut,Food and Dining,Restaurant,San Luis,Barangay 10,14.113322083,121.557526667,Not Provided,Open,Not Provided,Not Provided,"Vital, Richard Farrell E.",2026-10-03,Not Provided,Yes
LUC_B10_029,Pio and Precy Sari-sari store,Retail,Sari-Sari Store,San Luis,Barangay 10,14.113456667,121.557311111,Not Provided,Open,Not Provided,Not Provided,"Broqueza, Mikyla C.",2026-10-03,Not Provided,Yes
LUC_B10_030,La bodega,Other,Other,San Luis,Barangay 10,14.113596667,121.557068333,Not Provided,Closed,Not Provided,Not Provided,"Broqueza, Mikyla C.",2026-10-03,Not Provided,Yes
LUC_B10_031,Lucban Laundry House,Other,Laundry,San Luis,Barangay 10,14.113643333,121.55700625,Not Provided,Open,Not Provided,Not Provided,"Palegar, Luis Alphonso N.",2026-10-03,Not Provided,Yes
LUC_B10_032,Batang Videoke,Other,Other,San Luis,Barangay 10,14.113612917,121.556977917,green gate,Open,Not Provided,Not Provided,"Palegar, Luis Alphonso N.",2026-10-03,Not Provided,Yes
LUC_B10_033,Kitang Kita ang Galing,Other,Other,San Luis,Barangay 10,14.113754667,121.556736333,agricultural supply,Open,Not Provided,Not Provided,"Palegar, Luis Alphonso N.",2026-10-03,Not Provided,Yes
LUC_B10_034,Dr. Lalangan Dental Clinic,Professional Services,Dentist,San Luis,Barangay 10,14.113767083,121.55658625,Green folding gate,Closed,Not Provided,Not Provided,"Broqueza, Mikyla C.",2026-10-03,Not Provided,Yes
LUC_B10_035,Grizbelle,Personal Services,Salon,San Luis,Barangay 10,14.1138,121.556523,Glass sliding door with purple wall paint,Open,Not Provided,Not Provided,"Broqueza, Mikyla C.",2026-10-03,Not Provided,Yes
LUC_B10_036,Shiela's Frozen Product,Retail,Sari-Sari Store,San Luis,Barangay 10,14.113898333,121.556455,Frozen products store and kiping store,Open,Not Provided,Not Provided,"Vital, Richard Farrell E.",2026-10-03,Not Provided,Yes
LUC_B10_037,Lady's Boarding House,Accommodation,Boarding House,Balintawak Street,Barangay 10,14.114134722,121.556511944,Tall building owned by Pearls,Open,Not Provided,Not Provided,"Vital, Richard Farrell E.",2026-10-03,Not Provided,Yes
LUC_B10_038,Black Apron Coffee,Food and Dining,Cafe,G. Del Pilar,Barangay 10,14.114198333,121.556971667,Cafe locally known in the town,Open,Not Provided,Not Provided,"Vital, Richard Farrell E.",2026-10-03,Not Provided,Yes
LUC_B10_039,Rudyboy Trading,Other,Other,G. Del Pilar,Barangay 10,14.114113333,121.556924722,Hardware store in G. Del Pilar St.,Open,Not Provided,Not Provided,"Vital, Richard Farrell E.",2026-10-03,Not Provided,Yes
LUC_B10_040,Neyosa Shirt & Embroidery,Retail,Clothing,G. Del Pilar,Barangay 10,14.113961667,121.556855,Printing and embroidery services,Open,Not Provided,0920-503-9256,"Vital, Richard Farrell E.",2026-10-03,Not Provided,Yes
LUC_B10_041,Laguadors,Food and Dining,Other,Balintawak Street,Barangay 10,14.113702778,121.556386111,Meat Shop,Open,Not Provided,Not Provided,"Abracia, Jesheila Angela J.",2026-10-03,Not Provided,Yes
LUC_B10_042,Viewers Digital Solution,Retail,Electronics,Balintawak Street,Barangay 10,14.113691667,121.556385,Gadgets Shop,Open,Not Provided,Not Provided,"Abracia, Jesheila Angela J.",2026-10-03,Not Provided,Yes
LUC_B10_043,Lucky Bookstore,Retail,Other,Balintawak Street,Barangay 10,14.113405,121.556308333,School and Office Supplies,Open,Not Provided,Not Provided,"Abracia, Jesheila Angela J.",2026-10-03,Not Provided,Yes
LUC_B10_044,Lucky Bookstore,Retail,Other,Balintawak Street,Barangay 10,14.113440806,121.556312473,School and Office Supplies,Open,Not Provided,Not Provided,"Abracia, Jesheila Angela J.",2026-10-03,Not Provided,Yes
LUC_B10_045,Boozelog,Food and Dining,Sari-Sari Store,Balintawak Street,Barangay 10,14.113261667,121.556146667,Liquor Shop,Open,Not Provided,Not Provided,"Abracia, Jesheila Angela J.",2026-10-03,Not Provided,Yes
LUC_B10_046,CJ & JC Sari-Sari Store,Food and Dining,Sari-Sari Store,Balintawak Street,Barangay 10,14.113211667,121.556206667,Not Provided,Open,Not Provided,Not Provided,"Abracia, Jesheila Angela J.",2026-10-03,Not Provided,Yes
LUC_B10_047,Myra's Siopao,Food and Dining,Other,A. Racelis Avenue,Barangay 10,14.113143333,121.556311667,Not Provided,Open,Not Provided,Not Provided,"Abracia, Jesheila Angela J.",2026-10-03,Not Provided,Yes
LUC_B10_048,Auntie Susan Store,Food and Dining,Sari-Sari Store,G. Del Pilar,Barangay 10,14.113241667,121.556533333,Not Provided,Open,Not Provided,Not Provided,"Abracia, Jesheila Angela J.",2026-10-03,Not Provided,Yes
LUC_B10_049,CAVV Hardware and Construction Supply,Other,Other,G. Del Pilar,Barangay 10,14.113293333,121.556571667,Not Provided,Open,Not Provided,Not Provided,"Abracia, Jesheila Angela J.",2026-10-03,Not Provided,Yes
LUC_B10_050,Lucban Commercial Press,Professional Services,Printing Shop,Quezon Avenue,Barangay 10,14.112863333,121.558033333,Not Provided,Open,Not Provided,09683610654,"Abracia, Jesheila Angela J.",2026-10-03,Not Provided,Yes
LUC_B10_051,Jepoy's Grill,Food and Dining,Eatery,Quezon Avenue,Barangay 10,14.112851667,121.558035278,Not Provided,Open,Not Provided,09683610654,"Abracia, Jesheila Angela J.",2026-10-03,Not Provided,Yes
LUC_B10_052,AquaVal,Other,Other,Quezon Avenue,Barangay 10,14.112803333,121.557931667,Not Provided,Open,Not Provided,09212203744,"Abracia, Jesheila Angela J.",2026-10-03,Not Provided,Yes
LUC_B10_053,Kuya Richard,Retail,Sari-Sari Store,Quezon Avenue,Barangay 10,14.112825,121.557915,Not Provided,Open,Not Provided,09070708952,"Abracia, Jesheila Angela J.",2026-10-03,Not Provided,Yes
LUC_B10_054,Cozy Travelers,Professional Services,Lodge,Quezon Avenue,Barangay 10,14.112825,121.557915,Not Provided,Open,Not Provided,09152524452,"Abracia, Jesheila Angela J.",2026-10-03,Not Provided,Yes
LUC_B10_055,Lap Sign Arts,Professional Services,Printing Shop,Quezon Avenue,Barangay 10,14.112825,121.557915,Not Provided,Open,Not Provided,09289058908,"Abracia, Jesheila Angela J.",2026-10-03,Not Provided,Yes
LUC_B10_056,John & Lester Store,Retail,Sari-Sari Store,Quezon Avenue,Barangay 10,14.112966667,121.557858333,Not Provided,Open,Not Provided,Not Provided,"Abracia, Jesheila Angela J.",2026-10-03,Not Provided,Yes
LUC_B10_057,Honey Wax,Personal Services,Salon,Quezon Avenue,Barangay 10,14.113018333,121.557772778,Not Provided,Open,Not Provided,09215600514,"Abracia, Jesheila Angela J.",2026-10-03,Not Provided,Yes
LUC_B10_058,Pectos Bakery,Food and Dining,Bakery,Quezon Avenue,Barangay 10,14.112955,121.557638333,Not Provided,Open,Not Provided,Not Provided,"Abracia, Jesheila Angela J.",2026-10-03,Not Provided,Yes
LUC_B10_059,Pandayan Bookshop,Retail,Other,Quezon Avenue,Barangay 10,14.113065,121.55753,katabi ng lavender,Open,Not Provided,Not Provided,"Abracia, Jesheila Angela J.",2026-10-03,Not Provided,Yes
LUC_B10_060,LSD Store,Retail,Sari-Sari Store,Quezon Avenue,Barangay 10,14.113024333,121.557526667,katabi ng acer,Open,Not Provided,Not Provided,"Abracia, Jesheila Angela J.",2026-10-03,Not Provided,Yes
LUC_B10_061,Acer Mart,Other,Grocery,Quezon Avenue,Barangay 10,14.1130725,121.557404167,tapat ng pandayan bookshop,Open,Not Provided,Not Provided,"Abracia, Jesheila Angela J.",2026-10-03,Not Provided,Yes
LUC_B10_062,Lavender BUILDING,Other,Other,Quezon Avenue,Barangay 10,14.113119149,121.557377748,a violet building next to pandayan,Open,Not Provided,Not Provided,"Pandakila, Heero Miles R.",2026-10-03,Not Provided,Yes
LUC_B10_063,RODILLAS,Retail,Sari-Sari Store,Quezon Avenue,Barangay 10,14.113105,121.557371667,Not Provided,Open,Not Provided,Not Provided,"Pandakila, Heero Miles R.",2026-10-03,Not Provided,Yes
LUC_B10_064,BABAT CYCLE,Automotive,Parts Shop,Quezon Avenue,Barangay 10,14.113136667,121.55734,Not Provided,Open,Not Provided,Not Provided,"Pandakila, Heero Miles R.",2026-10-03,Not Provided,Yes
LUC_B10_065,v coffee,Food and Dining,Cafe,Quezon Avenue,Barangay 10,14.113078889,121.557252917,Not Provided,Open,Not Provided,Not Provided,"Pandakila, Heero Miles R.",2026-10-03,Not Provided,Yes
LUC_B10_066,jam accessories store,Retail,Other,Quezon Avenue,Barangay 10,14.113206905,121.557355952,Not Provided,Open,Not Provided,Not Provided,"Pandakila, Heero Miles R.",2026-10-03,Not Provided,Yes
LUC_B10_067,ALLENREY WINESHOP,Retail,Other,Quezon Avenue,Barangay 10,14.113126111,121.55726,tapat ng nwow,Open,Not Provided,Not Provided,"Pandakila, Heero Miles R.",2026-10-03,Not Provided,Yes
LUC_B10_068,The Thrifters Ave Fashion Shop,Retail,Clothing,Quezon Avenue,Barangay 10,14.113183333,121.5572,tapat ng ongville,Open,Not Provided,Not Provided,"Pandakila, Heero Miles R.",2026-10-03,Not Provided,Yes
LUC_B10_069,Marella,Other,Other,Quezon Avenue,Barangay 10,14.113183333,121.5572,tapat ng ongville,Open,Not Provided,Not Provided,"Pandakila, Heero Miles R.",2026-10-03,Not Provided,Yes
LUC_B10_070,Rodillas Branch,Food and Dining,Other,Quezon Avenue,Barangay 10,14.113221111,121.5571,Not Provided,Open,Not Provided,Not Provided,"Pandakila, Heero Miles R.",2026-10-03,Not Provided,Yes
LUC_B10_071,Animal Bite Center,Health,Clinic,Quezon Avenue,Barangay 10,14.113215833,121.557062917,Not Provided,Open,Not Provided,09209601180,"Pandakila, Heero Miles R.",2026-10-03,Not Provided,Yes
LUC_B10_072,Odessa Salon & Spa,Personal Services,Salon,Quezon Avenue,Barangay 10,14.113311667,121.557071667,katabi ng dentaville,Open,Not Provided,Not Provided,"Cadao, Janusz Gabriel S.",2026-10-03,Not Provided,Yes
LUC_B10_073,HIPIC Auto Refinish,Other,Other,Quezon Avenue,Barangay 10,14.11336,121.557056667,katapat ng ABC,Open,Not Provided,Not Provided,"Cadao, Janusz Gabriel S.",2026-10-03,Not Provided,Yes
LUC_B10_074,Kenberlyn Beauty Products and Salon,Personal Services,Salon,Quezon Avenue,Barangay 10,14.113355667,121.55703,Not Provided,Open,Not Provided,Not Provided,"Cadao, Janusz Gabriel S.",2026-10-03,Not Provided,Yes
LUC_B10_075,Goldilocks,Food and Dining,Bakery,Quezon Avenue,Barangay 10,14.113324167,121.55701125,Not Provided,Open,06:00 AM - 08:00 PM,Not Provided,"Cadao, Janusz Gabriel S.",2026-10-03,Not Provided,Yes
LUC_B10_076,Ukay Ukay,Retail,Clothing,Quezon Avenue,Barangay 10,14.113258333,121.556945,Not Provided,Open,Not Provided,Not Provided,"Cadao, Janusz Gabriel S.",2026-10-03,Not Provided,Yes
LUC_B10_077,Cavida Dental Clinic,Health,Dentist,Quezon Avenue,Barangay 10,14.113313333,121.55697,Not Provided,Open,Not Provided,Not Provided,"Cadao, Janusz Gabriel S.",2026-10-03,Not Provided,Yes
LUC_B10_078,Prolab Laboratory and Medical Services Inc.,Health,Clinic,Quezon Avenue,Barangay 10,14.113368333,121.556853333,Not Provided,Open,07:00 AM - 04:00 PM,Not Provided,"Cadao, Janusz Gabriel S.",2026-10-03,Not Provided,Yes
LUC_B10_079,Playground Gym,Health,Other,Quezon Avenue,Barangay 10,14.113460556,121.556879444,Not Provided,Open,Not Provided,Not Provided,"Cadao, Janusz Gabriel S.",2026-10-03,Not Provided,Yes
LUC_B10_080,Palawan Pawnshop,Financial,Pawnshop,Quezon Avenue,Barangay 10,14.11343,121.55679,Not Provided,Open,08:00 AM - 05:30 PM,Not Provided,"Cadao, Janusz Gabriel S.",2026-10-03,Not Provided,Yes
LUC_B10_081,Belgian Waffles,Food and Dining,Bakery,Quezon Avenue,Barangay 10,14.113381667,121.556796667,Not Provided,Open,Not Provided,Not Provided,"Cadao, Janusz Gabriel S.",2026-10-03,Not Provided,Yes
LUC_B10_082,Raquel Pawnshop,Financial,Pawnshop,Quezon Avenue,Barangay 10,14.113381667,121.55675,Not Provided,Open,08:00 AM - 05:00 PM,Not Provided,"Cadao, Janusz Gabriel S.",2026-10-03,Not Provided,Yes
LUC_B10_083,CVM Pawnshop,Financial,Pawnshop,Quezon Avenue,Barangay 10,14.113478333,121.556706667,Not Provided,Open,Not Provided,Not Provided,"Cadao, Janusz Gabriel S.",2026-10-03,Not Provided,Yes
LUC_B10_084,Galaxy Bar Store,Retail,Other,Quezon Avenue,Barangay 10,14.113452083,121.556467917,Not Provided,Open,Not Provided,Not Provided,"Cadao, Janusz Gabriel S.",2026-10-03,Not Provided,Yes
LUC_B10_085,Beatriz Dental Clinic,Health,Dentist,Quezon Avenue,Barangay 10,14.113463333,121.556483333,Not Provided,Open,Not Provided,09277316900,"Cadao, Janusz Gabriel S.",2026-10-03,Not Provided,Yes
LUC_B10_086,Abcede's Lucban Longganisa Classic,Retail,Other,Quezon Avenue,Barangay 10,14.113509444,121.556448333,Not Provided,Open,Not Provided,Not Provided,"Cadao, Janusz Gabriel S.",2026-10-03,Not Provided,Yes
LUC_B10_087,Pepe and Mary's Coffee Shop & Pasalubong,Food and Dining,Restaurant,Quezon Avenue,Barangay 10,14.113533333,121.556458333,Not Provided,Open,Not Provided,Not Provided,"Cadao, Janusz Gabriel S.",2026-10-03,Not Provided,Yes
LUC_B10_088,Avon MarkWins,Health,Other,Quezon Avenue,Barangay 10,14.113632778,121.556536667,Not Provided,Open,Not Provided,Not Provided,"Cadao, Janusz Gabriel S.",2026-10-03,Not Provided,Yes
LUC_B10_089,Najmila Phone Parts & Repair Shop,Other,Parts Shop,Quezon Avenue,Barangay 10,14.113595,121.55645,Not Provided,Open,Not Provided,Not Provided,"Cadao, Janusz Gabriel S.",2026-10-03,Not Provided,Yes
LUC_B10_090,Headliner's Hair & Beauty Salon,Personal Services,Salon,Quezon Avenue,Barangay 10,14.113636667,121.556451667,Not Provided,Open,08:00 AM - 09:00 PM,Not Provided,"Cadao, Janusz Gabriel S.",2026-10-03,Not Provided,Yes
LUC_B10_091,Rupert's Barber Shop,Personal Services,Barbershop,Quezon Avenue,Barangay 10,14.113658333,121.5564,Not Provided,Open,Not Provided,Not Provided,"Cadao, Janusz Gabriel S.",2026-10-03,Not Provided,Yes
LUC_B10_092,Chokulit Minimart,Retail,Grocery,Quezon Avenue,Barangay 10,14.113666667,121.55637,Not Provided,Open,Not Provided,Not Provided,"Cadao, Janusz Gabriel S.",2026-10-03,Not Provided,Yes
LUC_B10_093,Abcede's Resto,Food and Dining,Restaurant,Quezon Avenue,Barangay 10,14.113603333,121.556273333,Not Provided,Open,Not Provided,Not Provided,"Cadao, Janusz Gabriel S.",2026-10-03,Not Provided,Yes
LUC_B10_094,ICE ICE BABY,Other,Other,G. Cadeliña,Barangay 10,14.112879561,121.55752386,front have a gate colored brown,Open,09:00 AM - 09:00 PM,Not Provided,"Broqueza, Mikyla C.",2026-03-10,Not Provided,Yes
LUC_B10_095,Zendong,Food and Dining,Eatery,G. Cadeliña,Barangay 10,14.11294,121.557613333,grey metal gate,Open,Not Provided,Not Provided,"Broqueza, Mikyla C.",2026-03-10,Not Provided,Yes
LUC_B10_096,Joey's Barber Shop,Personal Services,Barbershop,,Barangay 10,14.112889894,121.558176693,Not Provided,Open,Not Provided,Not Provided,"Broqueza, Mikyla C.",2026-03-10,Not Provided,Yes
LUC_B10_097,CELLPHONE REPAIR SHOP,Personal Services,Electronics,Quezon Avenue,Barangay 10,14.112800539,121.55823027,Not Provided,Open,Not Provided,Not Provided,"Broqueza, Mikyla C.",2026-03-10,Not Provided,Yes
LUC_B10_098,OHMPERE,Professional Services,Electronics,Quezon Avenue,Barangay 10,14.112792764,121.55831252,Not Provided,Open,Not Provided,Not Provided,"Broqueza, Mikyla C.",2026-03-10,Not Provided,Yes
LUC_B10_099,COFI MINDED CAMP,Food and Dining,Cafe,Quezon Avenue,Barangay 10,14.112836333,121.558181667,Not Provided,Open,Not Provided,Not Provided,"Broqueza, Mikyla C.",2026-03-10,Not Provided,Yes
LUC_B10_100,BRGY. MULTI PURPOSE HALL,Government,Barangay Office,San Luis,Barangay 10,14.11293,121.558486667,Not Provided,Open,Not Provided,Not Provided,"Vital, Richard Farrell E.",2026-03-10,Not Provided,Yes
LUC_B10_101,Mamet's sari sari store,Retail,Sari-Sari Store,San Luis,Barangay 10,14.1129,121.558576667,Not Provided,Open,Not Provided,Not Provided,"Vital, Richard Farrell E.",2026-03-10,Not Provided,Yes
LUC_B10_102,Oblenida's sari sari store,Retail,Sari-Sari Store,San Luis,Barangay 10,14.112935,121.558561667,Not Provided,Open,Not Provided,Not Provided,"Palegar, Luis Alphonso N.",2026-03-10,Not Provided,Yes
LUC_B02_001,,Accommodation,Boarding House,A. Racelis Avenue,Barangay 2,14.11247803,121.5577814,Not Provided,,Not Provided,Not Provided,"Palma, Mark M.",2026-09-28,Not Provided,Yes
LUC_B02_002,Abustan Funeral Parlor,Professional Services,Office,A. Bonifacio,Barangay 2,14.11246023,121.5574515,Along Kamatian River,Closed,Not Provided,9424529778,"Palma, Mark M.",2026-09-28,Not Provided,Yes
LUC_B02_003,Lhoida Sari Sari Store,Retail,Sari-Sari Store,G. Cadeliña,Barangay 2,14.1124061,121.5573801,Alongside Abustan Funeral Parlor,Open,07:00 AM - 08:00 PM,Not Provided,"Ramos, Isaih Thomas E.",2026-09-28,Not Provided,Yes
LUC_B02_004,Tan-Tan,Automotive,Repair Shop,A. Bonifacio,Barangay 2,14.11244611,121.5572275,Not Provided,Closed,Not Provided,9289986453,"Arellano, Arvin L.",2026-09-28,Not Provided,Yes
LUC_B02_005,VMCO Sari Sari Store,Retail,Sari-Sari Store,A. Bonifacio,Barangay 2,14.11259878,121.556882,Not Provided,Open,06:00 AM - 11:00 PM,Not Provided,"Quebrado, Lance Wayne Y.",2026-09-28,Not Provided,Yes
LUC_B02_006,Rob's Sisig,Retail,Eatery,A. Bonifacio,Barangay 2,14.11261256,121.556878,Not Provided,Closed,08:00 AM - 08:00 AM,Not Provided,"Palma, Mark M.",2026-09-28,Not Provided,Yes
LUC_B02_007,NATO'S LUKBAN LONGGANISA,Retail,Restaurant,A. Bonifacio,Barangay 2,14.11268212,121.5567126,Not Provided,Open,03:00 PM - 08:30 PM,9300346458,"Arellano, Arvin L.",2026-09-28,Not Provided,Yes
LUC_B02_008,Sol Store,Retail,Sari-Sari Store,A. Bonifacio,Barangay 2,14.11267926,121.5566185,Not Provided,Open,Not Provided,9150111142,"Ramos, Isaih Thomas E.",2026-09-28,Not Provided,Yes
LUC_B02_009,A.D.JJ. Rice Store,Retail,Grocery,A. Bonifacio,Barangay 2,14.11284819,121.5561947,Not Provided,Closed,Not Provided,9542456536,"Quebrado, Lance Wayne Y.",2026-09-28,Not Provided,Yes
LUC_B02_010,RMJ Store,Retail,Sari-Sari Store,A. Bonifacio,Barangay 2,14.11293708,121.5560776,Not Provided,Open,07:00 AM - 09:00 PM,Not Provided,"Palma, Mark M.",2026-09-28,Not Provided,Yes
LUC_B02_011,CAFE-ISH,Food and Dining,Cafe,A. Bonifacio,Barangay 2,14.1130803,121.5558014,Not Provided,Open,Not Provided,9106057668,"Quebrado, Lance Wayne Y.",2026-09-28,Not Provided,Yes
LUC_B02_012,A. & K. Paint Center,Retail,Other,A. Bonifacio,Barangay 2,14.11312041,121.5556776,Not Provided,Closed,Not Provided,540-5363,"Gonzales, John Louis Q.",2026-09-28,Not Provided,Yes
LUC_B02_013,A's Sarap Stop,Food and Dining,Eatery,A. Bonifacio,Barangay 2,14.11307292,121.5556245,Not Provided,Open,Not Provided,Not Provided,"Arellano, Arvin L.",2026-09-28,Not Provided,Yes
LUC_B02_014,JYA Korean Store,Food and Dining,Eatery,A. Bonifacio,Barangay 2,14.11310179,121.5556494,Not Provided,Open,Not Provided,Not Provided,"Quebrado, Lance Wayne Y.",2026-09-28,Not Provided,Yes
LUC_B02_015,Cathy's Sari Sari Store,Retail,Sari-Sari Store,A. Bonifacio,Barangay 2,14.11318971,121.5554435,Not Provided,Open,Not Provided,Not Provided,"Ramos, Isaih Thomas E.",2026-09-28,Not Provided,Yes
LUC_B02_016,Campita's Pasalubong Center,Retail,Souvenir,A. Bonifacio,Barangay 2,14.11332417,121.5552876,Not Provided,Closed,Not Provided,9338539559,"Gonzales, John Louis Q.",2026-09-28,Not Provided,Yes
LUC_B02_017,RCJ LPG Outlet,Retail,Other,A. Bonifacio,Barangay 2,14.11336546,121.5550971,Not Provided,Closed,Not Provided,9198733447,"Palma, Mark M.",2026-09-28,Not Provided,Yes
LUC_B02_018,his & her Barong & Gown Rental,Retail,Clothing,A. Bonifacio,Barangay 2,14.11343261,121.5550079,Not Provided,Closed,08:30 AM - 06:00 PM,Not Provided,"Ramos, Isaih Thomas E.",2026-09-28,Not Provided,Yes
LUC_B02_019,Balmeo's Special Longganisang Lucban,Retail,Other,A. Bonifacio,Barangay 2,14.11358325,121.5546189,Not Provided,Open,Not Provided,9228542179,"Arellano, Arvin L.",2026-09-28,Not Provided,Yes
LUC_B02_020,Shower Of Blessing,Retail,Grocery,,Barangay 2,14.11376617,121.5543987,Not Provided,Closed,Not Provided,(042) 540-6181,"Arellano, Arvin L.",2026-09-28,Not Provided,Yes
LUC_B02_021,CARD MBA,Financial,Bank,A. Bonifacio,Barangay 2,14.11365513,121.5543662,Not Provided,Closed,Not Provided,Not Provided,"Gonzales, John Louis Q.",2026-09-28,Not Provided,Yes
LUC_B02_022,Mervin and Vivian Motor Parts And Repair,Automotive,Repair Shop,A. Bonifacio,Barangay 2,14.11373485,121.5543044,Not Provided,Closed,Not Provided,9383858601,"Palma, Mark M.",2026-09-28,Not Provided,Yes
LUC_B02_023,Jun Balmeo Store,Retail,Grocery,A. Bonifacio,Barangay 2,14.11377369,121.5541041,Not Provided,Closed,Not Provided,Not Provided,"Ramos, Isaih Thomas E.",2026-09-28,Long standing grocery for sari sari store,Yes
LUC_B02_024,Ven's Puto Seko,Food and Dining,Souvenir,A. Bonifacio,Barangay 2,14.1133775,121.5550775,Not Provided,Closed,Not Provided,Not Provided,"Alfaro, Justin Alexandre B.",2026-09-29,Not Provided,Yes
LUC_B02_025,"Bumibili Ginto at Pilak Sirang Alahas, Old coins",Financial,Pawnshop,A. Bonifacio,Barangay 2,14.11348667,121.5549017,Not Provided,Closed,Not Provided,Not Provided,"Macaraig, Mark Rheniel P.",2026-09-29,Not Provided,Yes
LUC_B02_026,Kimpoy Shoes Bags Repair,Automotive,Repair Shop,A. Bonifacio,Barangay 2,14.113875,121.5540717,Not Provided,Closed,Not Provided,9602081305,"Palma, Mark M.",2026-09-29,Not Provided,Yes
LUC_B02_027,Nicolo's Milk Tea,Food and Dining,Cafe,A. Bonifacio,Barangay 2,14.11386833,121.5539983,Not Provided,Closed,Not Provided,Not Provided,"Hutamares, Franchezka M.",2026-09-29,Not Provided,Yes
LUC_B02_028,Frosty Hail - Purified Tube Ice,Retail,Other,A. Bonifacio,Barangay 2,14.11385833,121.55396,Not Provided,Closed,Not Provided,9310402290,"Ramos, Isaih Thomas E.",2026-09-29,Not Provided,Yes
LUC_B02_029,OLAN'S LOOK-BAN BARBERSHOP & SALON,Personal Services,Barbershop,A. Bonifacio,Barangay 2,14.11400767,121.5537662,Not Provided,Closed,Not Provided,Not Provided,"Alfaro, Justin Alexandre B.",2026-09-29,Not Provided,Yes
LUC_B02_030,Dr. Edwin D. Elma Orthodontics & General Dentistry,Health,Dentist,A. Bonifacio,Barangay 2,14.11409333,121.5536896,Not Provided,Closed,Not Provided,Not Provided,"Macaraig, Mark Rheniel P.",2026-09-29,Not Provided,Yes
LUC_B02_031,Araneta's Store,Retail,Sari-Sari Store,A. Bonifacio,Barangay 2,14.11428,121.5531967,Not Provided,Closed,Not Provided,Not Provided,"Palma, Mark M.",2026-09-29,Not Provided,Yes
LUC_B02_032,RED'S FRUITS & VEGETABLES,Retail,Grocery,A. Bonifacio,Barangay 2,14.11436893,121.5528113,Not Provided,Closed,Not Provided,Not Provided,"Ramos, Isaih Thomas E.",2026-09-29,Not Provided,Yes
LUC_B02_033,PATRICK & ANTHONY'S BAKERY BRANCH,Food and Dining,Bakery,A. Bonifacio,Barangay 2,14.11444214,121.5527974,Not Provided,Open,Not Provided,Not Provided,"Hutamares, Franchezka M.",2026-09-29,Not Provided,Yes
LUC_B02_034,Animal Feed Trading,Other,Other,Gen. Lukban,Barangay 2,14.114705,121.5526733,Not Provided,Closed,Not Provided,9228427194,"Alfaro, Justin Alexandre B.",2026-09-29,Not Provided,Yes
LUC_B02_035,FATMA ZAHRA CELLPHONE ACCESSORIES,Professional Services,Other,Gen. Lukban,Barangay 2,14.11465167,121.5527147,Not Provided,Closed,Not Provided,Not Provided,"Macaraig, Mark Rheniel P.",2026-09-29,Not Provided,Yes
LUC_B02_036,"Jhona R. Ratio, CPA ACCOUNTING OFFICE",Professional Services,Office,Gen. Lukban,Barangay 2,14.11463667,121.5527333,2nd Floor,Closed,Not Provided,9985675637,"Palma, Mark M.",2026-09-29,Not Provided,Yes
LUC_B02_037,Cuddle Clean Laundry,Personal Services,Laundry,Gen. Lukban,Barangay 2,14.114685,121.5527433,Not Provided,Closed,Not Provided,Not Provided,"Ramos, Isaih Thomas E.",2026-09-29,Not Provided,Yes
LUC_B02_038,Angel & Gelo Store,Retail,Sari-Sari Store,A. Racelis Avenue,Barangay 2,14.11479,121.5529,Not Provided,Open,Not Provided,Not Provided,"Alfaro, Justin Alexandre B.",2026-09-29,Not Provided,Yes
LUC_B02_039,Carlos Super Drug - Lucban Branch,Health,Pharmacy,A. Racelis Avenue,Barangay 2,14.11474944,121.5529032,Not Provided,Closed,Not Provided,Not Provided,"Macaraig, Mark Rheniel P.",2026-09-29,Not Provided,Yes
LUC_B02_040,Badiola-Lozada Optometry & Medical Clinic,Health,Clinic,A. Racelis Avenue,Barangay 2,14.114745,121.55288,Not Provided,Closed,Not Provided,9196312215,"Palma, Mark M.",2026-09-29,Not Provided,Yes
LUC_B02_041,CHICKEN AND FROZEN FOODS (MEAT and others),Retail,Grocery,A. Racelis Avenue,Barangay 2,14.11473352,121.5530395,meat shop,Closed,Not Provided,Not Provided,"Ramos, Isaih Thomas E.",2026-09-29,Not Provided,Yes
LUC_B02_042,MAGUYON DRY GOOD'S STORE,Retail,Grocery,A. Racelis Avenue,Barangay 2,14.11461381,121.5531007,Not Provided,Closed,Not Provided,Not Provided,"Hutamares, Franchezka M.",2026-09-29,Not Provided,Yes
LUC_B02_043,PEARLS MPC - APPLIANCE STORE,Retail,Electronics,A. Racelis Avenue,Barangay 2,14.11459194,121.5531628,Not Provided,Closed,Not Provided,9190779776,"Alfaro, Justin Alexandre B.",2026-09-29,Not Provided,Yes
LUC_B02_044,PEARLS MPC - GROCERY & GENERAL MERCHANDISE,Retail,Grocery,A. Racelis Avenue,Barangay 2,14.11458833,121.5531617,Not Provided,Closed,Not Provided,9461818204,"Alfaro, Justin Alexandre B.",2026-09-29,Not Provided,Yes
LUC_B02_045,BCM MOBILE GADGETS ACCS N REPR,Retail,Electronics,A. Racelis Avenue,Barangay 2,14.11452905,121.5532271,Not Provided,Closed,Not Provided,Not Provided,"Macaraig, Mark Rheniel P.",2026-09-29,Not Provided,Yes
LUC_B02_046,E & N MOBILE GADGETS PARTS & REPAIR SHOP B1,Retail,Electronics,A. Racelis Avenue,Barangay 2,14.11456167,121.5532017,Not Provided,Closed,Not Provided,Not Provided,"Palma, Mark M.",2026-09-29,Not Provided,Yes
LUC_B02_047,GOGO SHAMAN LENDING CORPORATION,Financial,Remittance Center,A. Racelis Avenue,Barangay 2,14.11451833,121.5532483,Second Floor,Closed,09:00 AM - 03:00 PM,9182845879,"Ramos, Isaih Thomas E.",2026-09-29,Not Provided,Yes
LUC_B02_048,KMB Dog & Cat Clinic,Health,Clinic,A. Racelis Avenue,Barangay 2,14.11451833,121.5532483,Not Provided,Closed,Not Provided,9999416182,"Hutamares, Franchezka M.",2026-09-29,Not Provided,Yes
LUC_B02_049,Barangay 2 Hall,Government,Barangay Office,Fidel Rada Street,Barangay 2,14.1123049,121.5568055,Not Provided,Open,Not Provided,Not Provided,"Palma, Mark M.",2026-09-30,Not Provided,Yes
LUC_B02_050,Kavin Prints and Crafts,Professional Services,Printing Shop,Fidel Rada Street,Barangay 2,14.11230458,121.5568316,besides Barangay 2 hall,Open,Not Provided,9761232278,"Arellano, Arvin L.",2026-09-30,Not Provided,Yes
LUC_B02_051,Konek2Card,Financial,ATM,Fidel Rada Street,Barangay 2,14.11246466,121.5564709,Not Provided,Open,Not Provided,Not Provided,"Hutamares, Franchezka M.",2026-09-30,Not Provided,Yes
LUC_B02_052,Riena Shiela Surplus Store,Retail,Souvenir,Fidel Rada Street,Barangay 2,14.11248899,121.5564877,Not Provided,Open,Not Provided,Not Provided,"Ramos, Isaih Thomas E.",2026-09-30,Not Provided,Yes
LUC_B02_053,VPC Store,Retail,Sari-Sari Store,Fidel Rada Street,Barangay 2,14.11260158,121.5561782,Not Provided,Open,Not Provided,Not Provided,"Palma, Mark M.",2026-09-30,Not Provided,Yes
LUC_B02_054,LJ's GlamBar,Personal Services,Salon,Fidel Rada Street,Barangay 2,14.11279927,121.555899,Not Provided,Open,Not Provided,9911529039,"Hutamares, Franchezka M.",2026-09-30,Not Provided,Yes
LUC_B02_055,LOTE Fitness Gym,Health,Other,Fidel Rada Street,Barangay 2,14.11281366,121.5558971,3rd Floor,Open,Not Provided,Not Provided,"Ramos, Isaih Thomas E.",2026-09-30,Not Provided,Yes
LUC_B02_056,Le Maison De Yelo Lane,Food and Dining,Restaurant,Fidel Rada Street,Barangay 2,14.11282874,121.5556719,Not Provided,Closed,Not Provided,Not Provided,"Palma, Mark M.",2026-09-30,Not Provided,Yes
LUC_B02_057,ArosKanto,Food and Dining,Eatery,Fidel Rada Street,Barangay 2,14.1130931,121.5552087,Not Provided,Open,03:00 PM - 10:00 PM,Not Provided,"Arellano, Arvin L.",2026-09-30,Not Provided,Yes
LUC_B02_058,Kantuhan Food House,Food and Dining,Eatery,Don V. Cadelina,Barangay 2,14.11309936,121.5551719,Not Provided,Open,Not Provided,Not Provided,"Hutamares, Franchezka M.",2026-09-30,Not Provided,Yes
LUC_B02_059,Bahay Pamahalaan Barangay 2,Government,Barangay Office,Don V. Cadelina,Barangay 2,14.11313646,121.555209,Not Provided,Open,Not Provided,Not Provided,"Ramos, Isaih Thomas E.",2026-09-30,Not Provided,Yes
LUC_B02_060,Reyness's Store,Retail,Sari-Sari Store,Fidel Rada Street,Barangay 2,14.11319624,121.5549152,Not Provided,Open,Not Provided,Not Provided,"Palma, Mark M.",2026-09-30,Not Provided,Yes
LUC_B02_061,Printerest Sportswear,Professional Services,Printing Shop,Fidel Rada Street,Barangay 2,14.11319158,121.5548531,Not Provided,Open,Not Provided,Not Provided,"Arellano, Arvin L.",2026-09-30,Not Provided,Yes
LUC_B02_062,Antong Store,Retail,Sari-Sari Store,Fidel Rada Street,Barangay 2,14.11321798,121.5548342,Not Provided,Open,Not Provided,Not Provided,"Ramos, Isaih Thomas E.",2026-09-30,Not Provided,Yes
LUC_B02_063,Chesca's Store,Retail,Sari-Sari Store,Fidel Rada Street,Barangay 2,14.11328611,121.5546672,Not Provided,Open,Not Provided,Not Provided,"Hutamares, Franchezka M.",2026-09-30,Not Provided,Yes
LUC_B02_064,Banahaw Maternity Clinic Ultrasound and Diagnostic Center,Health,Clinic,Fidel Rada Street,Barangay 2,14.11329273,121.5546696,Not Provided,Open,03:00 PM - 05:00 PM,9635124322,"Palma, Mark M.",2026-09-30,Not Provided,Yes
LUC_B02_065,JJ Kwality Suka,Retail,Souvenir,Fidel Rada Street,Barangay 2,14.11341354,121.554422,Not Provided,Open,Not Provided,9190018681,"Arellano, Arvin L.",2026-09-30,Not Provided,Yes
LUC_B02_066,Takkoyatea,Food and Dining,Eatery,Fidel Rada Street,Barangay 2,14.11350307,121.5542853,Not Provided,Closed,Not Provided,Not Provided,"Ramos, Isaih Thomas E.",2026-09-30,Not Provided,Yes
LUC_B02_067,JD Lawrence Tailor Shop,Retail,Clothing,Fidel Rada Street,Barangay 2,14.11360683,121.5539484,Not Provided,Open,Not Provided,Not Provided,"Hutamares, Franchezka M.",2026-09-30,Not Provided,Yes
LUC_B02_068,Amor Store,Retail,Sari-Sari Store,A. Mabini,Barangay 2,14.11378807,121.5536929,Not Provided,Open,Not Provided,Not Provided,"Palma, Mark M.",2026-09-30,Not Provided,Yes
LUC_B02_069,Quezon Pahiyas Van Transport Services and Multi-Purpose Cooperative,Tourism,Tourism Service,Fidel Rada Street,Barangay 2,14.11392787,121.553259,Not Provided,Open,08:00 AM - 05:00 PM,Not Provided,"Arellano, Arvin L.",2026-09-30,Not Provided,Yes
LUC_B02_070,Casa Aurita,Accommodation,Lodge,Fidel Rada Street,Barangay 2,14.11406376,121.5529721,Not Provided,Open,Not Provided,Not Provided,"Ramos, Isaih Thomas E.",2026-09-30,Not Provided,Yes
LUC_B02_071,Big Brew Lucban,Food and Dining,Cafe,B. Tolentino,Barangay 2,14.11427751,121.5528282,Not Provided,Open,Not Provided,Not Provided,"Hutamares, Franchezka M.",2026-09-30,Not Provided,Yes
LUC_B02_072,Bossing's Kambal Pizza,Food and Dining,Eatery,B. Tolentino,Barangay 2,14.11419628,121.552781,Not Provided,Open,Not Provided,Not Provided,"Palma, Mark M.",2026-09-30,Not Provided,Yes
LUC_B02_073,Lydia Maning Store,Retail,Sari-Sari Store,Gen. Lukban,Barangay 2,14.11423085,121.5525074,Not Provided,Open,Not Provided,Not Provided,"Arellano, Arvin L.",2026-09-30,Not Provided,Yes
LUC_B02_074,Clifford Ella Printing Services,Professional Services,Printing Shop,Gen. Lukban,Barangay 2,14.11441361,121.5525135,Also sells eggs and rice grains,Open,Not Provided,Not Provided,"Ramos, Isaih Thomas E.",2026-09-30,Not Provided,Yes
LUC_B02_075,Iñigo's Store,Retail,Grocery,Gen. Lukban,Barangay 2,14.11444833,121.5525416,Not Provided,Open,Not Provided,Not Provided,"Hutamares, Franchezka M.",2026-09-30,Not Provided,Yes
LUC_B02_076,Beaderism,Personal Services,Souvenir,A. Racelis Avenue,Barangay 2,14.11252592,121.5578272,Not Provided,Open,Not Provided,Not Provided,"Terrenal, Tiara Joy V.",2026-09-30,Not Provided,Yes
LUC_B02_077,Cube's Water,Retail,Other,A. Racelis Avenue,Barangay 2,14.1127638,121.5574421,Not Provided,Open,Not Provided,Not Provided,"Palma, Mark M.",2026-09-30,Water Refilling station,Yes
LUC_B02_078,Jazford & Glezzie,Retail,Sari-Sari Store,A. Racelis Avenue,Barangay 2,14.11291696,121.5570492,Not Provided,Open,Not Provided,Not Provided,"Macaraig, Mark Rheniel P.",2026-09-30,Not Provided,Yes
LUC_B02_079,One Day Express Laundry Service,Personal Services,Laundry,A. Racelis Avenue,Barangay 2,14.11292282,121.5569697,Not Provided,Open,Not Provided,Not Provided,"Ramos, Isaih Thomas E.",2026-09-30,Not Provided,Yes
LUC_B02_080,One Day Ukay ukay,Retail,Clothing,A. Racelis Avenue,Barangay 2,14.11292517,121.556995,Not Provided,Open,Not Provided,Not Provided,"Terrenal, Tiara Joy V.",2026-09-30,Not Provided,Yes
LUC_B02_081,Red Noxx Vape Shop,Retail,Other,A. Racelis Avenue,Barangay 2,14.11293392,121.5569072,Not Provided,Open,07:00 AM - 11:00 AM,9171357143,"Macaraig, Mark Rheniel P.",2026-09-30,Vape Shop,Yes
LUC_B02_082,Guilleta Wellness Spa,Health,Other,A. Racelis Avenue,Barangay 2,14.11308975,121.5564278,Not Provided,Open,Not Provided,Not Provided,"Ramos, Isaih Thomas E.",2026-09-30,Spa Salon,Yes
LUC_B02_083,Ratio Agri Supply,Retail,Grocery,A. Racelis Avenue,Barangay 2,14.11306721,121.5564309,Not Provided,Open,Not Provided,Not Provided,"Terrenal, Tiara Joy V.",2026-09-30,Animal Feeds,Yes
LUC_B02_084,A&J Store,Retail,Sari-Sari Store,A. Racelis Avenue,Barangay 2,14.11309135,121.5564373,Not Provided,Open,Not Provided,Not Provided,"Palma, Mark M.",2026-09-30,Not Provided,Yes
LUC_B02_085,157 Store,Food and Dining,Eatery,A. Racelis Avenue,Barangay 2,14.11317781,121.5563108,Not Provided,Open,Not Provided,Not Provided,"Macaraig, Mark Rheniel P.",2026-09-30,Not Provided,Yes
LUC_B02_086,Raemar Motormotive Parts and Supply,Automotive,Parts Shop,A. Racelis Avenue,Barangay 2,14.11331462,121.5559444,Not Provided,Open,Not Provided,Not Provided,"Palma, Mark M.",2026-09-30,Not Provided,Yes
LUC_B02_087,Mac Daddy's,Food and Dining,Eatery,A. Racelis Avenue,Barangay 2,14.11367007,121.5552244,Not Provided,Open,Not Provided,Not Provided,"Terrenal, Tiara Joy V.",2026-09-30,Not Provided,Yes
LUC_B02_088,Bambi's Store,Retail,Sari-Sari Store,A. Racelis Avenue,Barangay 2,14.11373196,121.5551364,Not Provided,Open,Not Provided,Not Provided,"Palma, Mark M.",2026-09-30,Not Provided,Yes
LUC_B02_089,Boy's Eatery,Food and Dining,Eatery,Regidor,Barangay 2,14.11369392,121.5550315,Not Provided,Open,Not Provided,Not Provided,"Macaraig, Mark Rheniel P.",2026-09-30,Not Provided,Yes
LUC_B02_090,Mama Lydia's Lorna Special Siopawan,Food and Dining,Eatery,Regidor,Barangay 2,14.11358967,121.5550024,Not Provided,Open,Not Provided,Not Provided,"Ramos, Isaih Thomas E.",2026-09-30,Not Provided,Yes
LUC_B02_091,Marife Store,Retail,Sari-Sari Store,Regidor,Barangay 2,14.11354729,121.5550251,Not Provided,Open,Not Provided,Not Provided,"Terrenal, Tiara Joy V.",2026-09-30,Not Provided,Yes
LUC_B02_092,Duo Brew,Food and Dining,Cafe,A. Racelis Avenue,Barangay 2,14.11373549,121.5549957,Not Provided,Open,Not Provided,Not Provided,"Palma, Mark M.",2026-09-30,Not Provided,Yes
LUC_B02_093,Tita Marie's Liliw Footwear,Retail,Souvenir,A. Racelis Avenue,Barangay 2,14.11376731,121.5549702,Not Provided,Open,Not Provided,Not Provided,"Macaraig, Mark Rheniel P.",2026-09-30,Not Provided,Yes
LUC_B02_094,Yamete Sai's Ramen Food House,Food and Dining,Restaurant,A. Racelis Avenue,Barangay 2,14.11378466,121.5549028,Not Provided,Open,Not Provided,Not Provided,"Ramos, Isaih Thomas E.",2026-09-30,Not Provided,Yes
LUC_B02_095,Motmot's Resto and Pub,Food and Dining,Restaurant,A. Racelis Avenue,Barangay 2,14.11384898,121.5548114,Not Provided,Open,Not Provided,Not Provided,"Terrenal, Tiara Joy V.",2026-09-30,Not Provided,Yes
LUC_B02_096,Delia's Cafe,Food and Dining,Cafe,A. Racelis Avenue,Barangay 2,14.11391872,121.5547813,Not Provided,Open,Not Provided,Not Provided,"Palma, Mark M.",2026-09-30,Not Provided,Yes
LUC_B02_097,Delia's Lechon,Food and Dining,Restaurant,A. Racelis Avenue,Barangay 2,14.11393264,121.5547593,Not Provided,Open,Not Provided,Not Provided,"Macaraig, Mark Rheniel P.",2026-09-30,Not Provided,Yes
LUC_B02_098,NJC Electrical and Electronics Supply,Retail,Electronics,A. Racelis Avenue,Barangay 2,14.1139464,121.5547193,Not Provided,Open,Not Provided,Not Provided,"Ramos, Isaih Thomas E.",2026-09-30,Messenger: Lailani Divina Abuel Arellano,Yes
LUC_B02_099,J&T Express,Other,Other,A. Racelis Avenue,Barangay 2,14.11396518,121.5546799,Not Provided,Open,Not Provided,Not Provided,"Terrenal, Tiara Joy V.",2026-09-30,Not Provided,Yes
LUC_B02_100,Ciamenzo's,Professional Services,Printing Shop,A. Racelis Avenue,Barangay 2,14.11397366,121.5546526,Not Provided,Open,Not Provided,Not Provided,"Palma, Mark M.",2026-09-30,Not Provided,Yes
LUC_B02_101,Vin & Don Cellphone Services,Retail,Electronics,A. Racelis Avenue,Barangay 2,14.11397886,121.5546188,Not Provided,Open,Not Provided,Not Provided,"Macaraig, Mark Rheniel P.",2026-09-30,Not Provided,Yes
LUC_B02_102,Mad Potato,Food and Dining,Fast Food,Rizal Avenue,Barangay 2,14.11388308,121.5544862,Not Provided,Open,Not Provided,9956425957,"Ramos, Isaih Thomas E.",2026-09-30,Not Provided,Yes
LUC_B02_103,Metro Motorbikes,Automotive,Parts Shop,A. Racelis Avenue,Barangay 2,14.11407375,121.5543814,Not Provided,Open,Not Provided,Not Provided,"Terrenal, Tiara Joy V.",2026-09-30,Not Provided,Yes
LUC_B02_104,JRS Express,Other,Other,A. Racelis Avenue,Barangay 2,14.11407851,121.5543738,Not Provided,Open,Not Provided,Not Provided,"Palma, Mark M.",2026-09-30,Shipping Hub,Yes
LUC_B02_105,Lucban Funeral,Other,Other,A. Racelis Avenue,Barangay 2,14.11418364,121.5541686,Not Provided,Open,Not Provided,Not Provided,"Macaraig, Mark Rheniel P.",2026-09-30,Funeral Services,Yes
LUC_B02_106,Beachwalk Nanyang Slippers,Retail,Clothing,A. Racelis Avenue,Barangay 2,14.11425861,121.5538633,Not Provided,Open,Not Provided,Not Provided,"Ramos, Isaih Thomas E.",2026-09-30,Footwears,Yes
LUC_B02_107,Denise Lucban Pasalubong Delicacies,Retail,Souvenir,A. Racelis Avenue,Barangay 2,14.11427293,121.5538577,Not Provided,Open,Not Provided,Not Provided,"Terrenal, Tiara Joy V.",2026-09-30,Meat Products,Yes
LUC_B02_108,Angelo's Handicraft Store,Retail,Souvenir,A. Racelis Avenue,Barangay 2,14.11432018,121.55377,Not Provided,Open,Not Provided,Not Provided,"Palma, Mark M.",2026-09-30,Not Provided,Yes
LUC_B02_109,KJ's Ukay Ukay,Retail,Clothing,R. Villasenor,Barangay 2,14.11426165,121.5536555,Not Provided,Open,Not Provided,Not Provided,"Macaraig, Mark Rheniel P.",2026-09-30,Not Provided,Yes
LUC_B02_110,Green House,Food and Dining,Eatery,R. Villasenor,Barangay 2,14.11425877,121.553638,Not Provided,Open,Not Provided,Not Provided,"Ramos, Isaih Thomas E.",2026-09-30,Not Provided,Yes
LUC_B02_111,Casa Villasenor,Accommodation,Hotel,R. Villasenor,Barangay 2,14.11419882,121.5536032,Not Provided,Open,Not Provided,Not Provided,"Palma, Mark M.",2026-09-30,Not Provided,Yes
LUC_B02_112,Botica Plus,Health,Pharmacy,A. Racelis Avenue,Barangay 2,14.1144089,121.553613,Not Provided,Open,07:00 AM - 07:30 PM,Not Provided,"Macaraig, Mark Rheniel P.",2026-09-30,Not Provided,Yes
LUC_B02_113,Eker & Ely Lukban Longganisa and Pasalubong,Retail,Souvenir,A. Racelis Avenue,Barangay 2,14.11444394,121.5535687,Not Provided,Open,Not Provided,Not Provided,"Macaraig, Mark Rheniel P.",2026-09-30,Not Provided,Yes
LUC_B02_114,Kalesa Inn,Accommodation,Inn,A. Racelis Avenue,Barangay 2,14.11447668,121.5533367,Not Provided,Open,Not Provided,Not Provided,"Ramos, Isaih Thomas E.",2026-09-30,Not Provided,Yes
LUC_B02_115,FujiFilm Digital Imaging,Professional Services,Printing Shop,A. Racelis Avenue,Barangay 2,14.11450836,121.5533037,Not Provided,Open,Not Provided,Not Provided,"Terrenal, Tiara Joy V.",2026-09-30,Not Provided,Yes
LUC_B02_116,BCM General Merchandise,Retail,Sari-Sari Store,A. Racelis Avenue,Barangay 2,14.11458306,121.5532195,Not Provided,Open,Not Provided,Not Provided,"Palma, Mark M.",2026-09-30,Not Provided,Yes
LUC_B03_001,Hazzie Store,Retail,Sari-Sari Store,Hobart Dator Street,Barangay 3,14.114485556,121.550593333,Not Provided,Open,06:00 AM - 07:00 PM,Not Provided,"Angulo, Leira Rose A.",2026-10-03,Not Provided,Yes
LUC_B03_002,Ning's Store,Retail,Sari-Sari Store,Hobart Dator Street,Barangay 3,14.114090354,121.550054513,Not Provided,Open,06:00 AM - 06:00 PM,Not Provided,"De Leon, Trisha Sandra P.",2026-10-03,Not Provided,Yes
LUC_B03_003,Cabigan Mini Store,Retail,Sari-Sari Store,Hobart Dator Street,Barangay 3,14.114839834,121.551048607,Not Provided,Open,06:00 AM - 11:00 PM,Not Provided,"Diosay, Angelica A.",2026-10-03,Not Provided,Yes
LUC_B03_004,VM Sun,Retail,Clothing,A. Bonifacio,Barangay 3,14.115182221,121.551094204,Not Provided,Open,Not Provided,Not Provided,"Fontanilla, Christian Jay N.",2026-10-03,Not Provided,Yes
LUC_B03_005,EKRM Store,Retail,Convenience Store,Cadavez Street,Barangay 3,14.115301667,121.5508,Not Provided,Open,05:00 AM - 10:00 PM,0949-719-2228,"Mercado, Mhaylan Say R.",2026-10-03,Not Provided,Yes
LUC_B03_006,Quick Dry Express Laundry,Personal Services,Laundry,Cadavez Street,Barangay 3,14.115425761,121.550757922,Not Provided,Open,07:00 AM - 07:00 PM,540-4957,"Angulo, Leira Rose A.",2026-10-03,Not Provided,Yes
LUC_B03_007,Trina's Pizza Dough,Food and Dining,Restaurant,Cadavez Street,Barangay 3,14.115535337,121.550528593,Not Provided,Open,05:00 AM - 08:00 PM,0961-201-6687,"De Leon, Trisha Sandra P.",2026-10-03,Not Provided,Yes
LUC_B03_008,Sem Tiles Center & CEE-Q Online Trending Kalakal,Retail,Building Materials Store,Cadavez Street,Barangay 3,14.115618901,121.550182253,Not Provided,Open,08:00 AM - 05:00 PM,0995-512-0211/0908-315-5132,"Diosay, Angelica A.",2026-10-03,Not Provided,Yes
LUC_B03_009,Bleza's Smile Dental Clinic and Laboratory,Health,Dentist,Cadavez Street,Barangay 3,14.115749288,121.550182588,Not Provided,Open,09:00 AM - 05:00 PM,0921-995-3794,"Angulo, Leira Rose A.",2026-10-03,Not Provided,Yes
LUC_B03_010,Card Bank Lucban 2 Branch-Lite Unit,Financial,Bank,A. Bonifacio,Barangay 3,14.115714171,121.550270431,Not Provided,Closed,Not Provided,Not Provided,"Fontanilla, Christian Jay N.",2026-10-03,Not Provided,Yes
LUC_B03_011,AlkaVepo,Personal Services,Water Refilling Station,A. Bonifacio,Barangay 3,14.115707993,121.550267078,Not Provided,Open,Not Provided,0942-340-1236,"Mercado, Mhaylan Say R.",2026-10-03,Not Provided,Yes
LUC_B03_012,Panciteria de Isabelita,Food and Dining,Restaurant,A. Racelis Avenue,Barangay 3,14.116040624,121.550134644,Not Provided,Open,Not Provided,Not Provided,"De Leon, Trisha Sandra P.",2026-10-03,Not Provided,Yes
LUC_B03_013,Veloro's Gas,Automotive,Gas Station,A. Racelis Avenue,Barangay 3,14.116188243,121.550036408,Not Provided,Open,06:00 AM - 06:00 PM,0947-893-1163,"Diosay, Angelica A.",2026-10-03,Not Provided,Yes
LUC_B03_014,Anita Store,Retail,Sari-Sari Store,A. Racelis Avenue,Barangay 3,14.116072814,121.550234556,Not Provided,Open,Not Provided,Not Provided,"Fontanilla, Christian Jay N.",2026-10-03,Not Provided,Yes
LUC_B03_015,Parini Store,Retail,Sari-Sari Store,A. Racelis Avenue,Barangay 3,14.116038023,121.550319381,Not Provided,Open,Not Provided,Not Provided,"Mercado, Mhaylan Say R.",2026-10-03,Not Provided,Yes
LUC_B03_016,Imee Store,Retail,Sari-Sari Store,Cadavez Street,Barangay 3,14.116103053,121.550374702,Not Provided,Open,Not Provided,Not Provided,"Angulo, Leira Rose A.",2026-10-03,Not Provided,Yes
LUC_B03_017,Ronjen Store,Retail,Sari-Sari Store,Emilio Jacinto Street,Barangay 3,14.116324156,121.550507806,Not Provided,Open,Not Provided,Not Provided,"Fontanilla, Christian Jay N.",2026-10-03,Not Provided,Yes
LUC_B03_018,Jojo Store,Retail,Sari-Sari Store,Emilio Jacinto Street,Barangay 3,14.116175887,121.550655998,Not Provided,Open,Not Provided,Not Provided,"Diosay, Angelica A.",2026-10-03,Not Provided,Yes
LUC_B03_019,Christine and Claudette Store,Retail,Sari-Sari Store,Emilio Jacinto Street,Barangay 3,14.116129716,121.550784074,Not Provided,Open,05:30 AM - 09:00 PM,Not Provided,"De Leon, Trisha Sandra P.",2026-10-03,Not Provided,Yes
LUC_B03_020,Nato Gening Pancitan and Puto,Food and Dining,Restaurant,Emilio Jacinto Street,Barangay 3,14.115931698,121.551142484,Not Provided,Open,Not Provided,Not Provided,"Mercado, Mhaylan Say R.",2026-10-03,Not Provided,Yes
LUC_B03_021,Ambo Store,Retail,Grocery,Emilio Jacinto Street,Barangay 3,14.115913164,121.551186405,"Munting Bayan, Lucban, Quezon",Open,08:30 AM - 11:00 PM,Not Provided,"Angulo, Leira Rose A.",2026-10-03,Not Provided,Yes
LUC_B03_022,Primes Rv,Personal Services,Water Refilling Station,Hobart Dator Street,Barangay 3,14.11592,121.551555,Not Provided,Open,Not Provided,0999-578-2154/0916-254-7503/911-7024/540-1774,"De Leon, Trisha Sandra P.",2026-10-03,Not Provided,Yes
LUC_B03_023,Outmoded Vintage,Retail,Clothing,Hobart Dator Street,Barangay 3,14.116202225,121.551697366,Not Provided,Open,12:30 PM - 08:30 PM,0976-247-0823,"Diosay, Angelica A.",2026-10-03,Not Provided,Yes
LUC_B03_024,Abel Store,Retail,Sari-Sari Store,Hobart Dator Street,Barangay 3,14.116272782,121.55173324,Not Provided,Open,06:00 AM - 06:00 PM,Not Provided,"Fontanilla, Christian Jay N.",2026-10-03,Not Provided,Yes
LUC_B03_025,Jepoy Sisig,Food and Dining,Eatery,A. Racelis Avenue,Barangay 3,14.115499245,121.551266536,Not Provided,Open,03:00 PM - 10:00 PM,0962-133-6409,"Mercado, Mhaylan Say R.",2026-10-03,Not Provided,Yes
LUC_B03_026,Trendee by Dee Jay Abustan,Personal Services,Fashion Design,A. Racelis Avenue,Barangay 3,14.115592564,121.551067047,Not Provided,Open,09:00 AM - 05:00 PM,0917-549-7466,"Angulo, Leira Rose A.",2026-10-03,Not Provided,Yes
LUC_B03_027,Card Indogrosir,Retail,Grocery,A. Racelis Avenue,Barangay 3,14.115721975,121.551011391,Not Provided,Open,07:00 AM - 09:00 PM,"CARD Indogrosir, Inc.","Diosay, Angelica A.",2026-10-03,Not Provided,Yes
LUC_B03_028,Elise Resto Lugaw,Food and Dining,Restaurant,A. Racelis Avenue,Barangay 3,14.11584033,121.550724059,Not Provided,Open,04:00 PM - 02:00 AM,0970-393-0038,"De Leon, Trisha Sandra P.",2026-10-03,Not Provided,Yes
LUC_B03_029,Beshie Spa,Personal Services,Massage,A. Racelis Avenue,Barangay 3,14.115747987,121.550760604,Not Provided,Open,Not Provided,Not Provided,"Fontanilla, Christian Jay N.",2026-10-03,Not Provided,Yes
LUC_B03_030,Mayan Frozen Food Store,Retail,Food Products,A. Racelis Avenue,Barangay 3,14.115971367,121.550444104,Not Provided,Open,Not Provided,Not Provided,"Diosay, Angelica A.",2026-10-03,Not Provided,Yes
LUC_B04_001,ESTER SARI-SARI STORE,Retail,Clothing,Gen. Lukban,Barangay 4,14.11517169,121.5527171,Not Provided,Closed,Not Provided,Not Provided,"Quebrado, Lance Wayne Y.",2026-10-01,Not Provided,Yes
LUC_B04_002,ZUREA Hotel,Accommodation,Hotel,La Purisima Concepcion,Barangay 4,14.11624683,121.5525789,Not Provided,Open,Not Provided,Not Provided,"Arellano, Arvin L.",2026-09-29,Not Provided,Yes
LUC_B04_003,,Retail,Other,La Purisima Concepcion,Barangay 4,14.11629414,121.5523815,Not Provided,Open,05:30 AM - 08:00 PM,9393211820,"Arellano, Arvin L.",2026-09-29,Not Provided,Yes
LUC_B04_004,,Retail,Sari-Sari Store,La Purisima Concepcion,Barangay 4,14.11641405,121.5521382,Not Provided,Open,Not Provided,Not Provided,"Erinco, Raphael Joshua V.",2026-09-29,Not Provided,Yes
LUC_B04_005,,Personal Services,Barbershop,La Purisima Concepcion,Barangay 4,14.11644609,121.5520527,Not Provided,Open,Not Provided,Not Provided,"Erinco, Raphael Joshua V.",2026-09-29,Not Provided,Yes
LUC_B04_006,Irene's Sewing Shop,Personal Services,Other,La Purisima Concepcion,Barangay 4,14.11646808,121.5520098,Near barbershop,Open,Not Provided,Not Provided,"Erinco, Raphael Joshua V.",2026-09-29,Not Provided,Yes
LUC_B04_007,Gigie Store,Retail,Sari-Sari Store,Hobart Dator Street,Barangay 4,14.11635239,121.5517969,Not Provided,Open,06:00 AM - 09:00 PM,Not Provided,"Arellano, Arvin L.",2026-09-29,Not Provided,Yes
LUC_B04_008,,Retail,Sari-Sari Store,Hobart Dator Street,Barangay 4,14.11573059,121.5516929,Not Provided,Open,Not Provided,Not Provided,"Erinco, Raphael Joshua V.",2026-09-29,Not Provided,Yes
LUC_B04_009,,Retail,Sari-Sari Store,Hobart Dator Street,Barangay 4,14.11557353,121.5519648,Not Provided,Open,08:00 AM - 01:00 AM,Not Provided,"Arellano, Arvin L.",2026-09-29,Not Provided,Yes
LUC_B04_010,PrincesseA Travel and Tours,Tourism,Tourism Service,Emilio Jacinto Street,Barangay 4,14.11632798,121.5518213,Not Provided,Open,Not Provided,9178081490,"Erinco, Raphael Joshua V.",2026-09-29,Not Provided,Yes
LUC_B04_011,,Retail,Sari-Sari Store,Emilio Jacinto Street,Barangay 4,14.11611666,121.5519879,Not Provided,Open,Not Provided,Not Provided,"Erinco, Raphael Joshua V.",2026-09-29,Not Provided,Yes
LUC_B04_012,,Food and Dining,Eatery,Emilio Jacinto Street,Barangay 4,14.11568057,121.5522801,Not Provided,Open,Not Provided,Not Provided,"Erinco, Raphael Joshua V.",2026-09-29,Not Provided,Yes
LUC_B04_013,,Retail,Sari-Sari Store,Emilio Jacinto Street,Barangay 4,14.11533656,121.5524345,Not Provided,Open,Not Provided,Not Provided,"Erinco, Raphael Joshua V.",2026-09-29,Not Provided,Yes
LUC_B04_014,Y2K gaming hub,Professional Services,Computer Shop,Gomburza Street,Barangay 4,14.1156508,121.5527678,Not Provided,Open,Not Provided,Not Provided,"Arellano, Arvin L.",2026-09-29,Not Provided,Yes
LUC_B04_015,Ester Sari-Sari Store,Retail,Sari-Sari Store,Gomburza Street,Barangay 4,14.11526928,121.5527985,Not Provided,Open,Not Provided,Not Provided,"Arellano, Arvin L.",2026-09-29,Not Provided,Yes
LUC_B04_016,Campville's Bakery,Food and Dining,Bakery,Gomburza Street,Barangay 4,14.1150887,121.5527021,Not Provided,Open,Not Provided,Not Provided,"Arellano, Arvin L.",2026-09-29,Not Provided,Yes
LUC_B04_017,Camilon Dental Clinic,Health,Dentist,Gomburza Street,Barangay 4,14.1150851,121.5527107,Not Provided,Closed,Not Provided,9178998133,"Erinco, Raphael Joshua V.",2026-09-29,Not Provided,Yes
LUC_B04_018,Angelwash Laundromat,Professional Services,Laundry,Gomburza Street,Barangay 4,14.11497655,121.5526864,Not Provided,Closed,07:00 AM - 05:00 PM,9089811653,"Erinco, Raphael Joshua V.",2026-09-29,Not Provided,Yes
LUC_B04_019,Evardz,Food and Dining,Restaurant,Emilio Jacinto Street,Barangay 4,14.11530322,121.5527581,Not Provided,Closed,11:00 AM - 10:00 PM,9502721032,"Erinco, Raphael Joshua V.",2026-09-29,Not Provided,Yes
LUC_B04_020,Springlife Water,Other,Other,Gomburza Street,Barangay 4,14.1155351,121.5528244,Not Provided,Open,Not Provided,Not Provided,"Arellano, Arvin L.",2026-09-29,Not Provided,Yes
LUC_B04_021,Pearl Vigil Hall Memorial Homes,Other,Other,Gomburza Street,Barangay 4,14.11553507,121.5528083,Not Provided,Open,24/7,Not Provided,"Erinco, Raphael Joshua V.",2026-09-29,Not Provided,Yes
LUC_B04_022,,Retail,Sari-Sari Store,San Luis,Barangay 4,14.11557334,121.5528615,Not Provided,Open,Not Provided,Not Provided,"Arellano, Arvin L.",2026-09-29,Not Provided,Yes
LUC_B04_023,Bahay Pamahalaan ng Barangay 4,Government,Barangay Office,Gomburza Street,Barangay 4,14.11560342,121.552858,Not Provided,Open,Not Provided,Not Provided,"Erinco, Raphael Joshua V.",2026-09-29,Not Provided,Yes
LUC_B04_024,,Retail,Sari-Sari Store,Gomburza Street,Barangay 4,14.11573463,121.5529037,Not Provided,Open,Not Provided,Not Provided,"Erinco, Raphael Joshua V.",2026-09-29,Not Provided,Yes
LUC_B04_025,Pancitan ni Kuya J,Food and Dining,Eatery,Gomburza Street,Barangay 4,14.11583667,121.552992,Not Provided,,Not Provided,9551745669,"Arellano, Arvin L.",2026-09-29,Not Provided,Yes
LUC_B04_026,SJ2 Sari-Sari Store,Retail,Sari-Sari Store,La Purisima Concepcion,Barangay 4,14.11588908,121.5530972,Not Provided,Open,Not Provided,Not Provided,"Erinco, Raphael Joshua V.",2026-09-29,Not Provided,Yes
LUC_B04_027,SLDC Mart 3,Retail,Grocery,Gen. Lukban,Barangay 4,14.11567658,121.5532216,Not Provided,Open,Not Provided,Not Provided,"Arellano, Arvin L.",2026-09-29,Not Provided,Yes
LUC_B04_028,SLDC Event Hall,Other,Other,Gen. Lukban,Barangay 4,14.11573456,121.5531812,Not Provided,Open,Not Provided,Not Provided,"Erinco, Raphael Joshua V.",2026-09-29,Not Provided,Yes
LUC_B04_029,Lipit Food House,Food and Dining,Eatery,Gen. Lukban,Barangay 4,14.11526166,121.5529997,Not Provided,Open,Not Provided,Not Provided,"Erinco, Raphael Joshua V.",2026-09-29,Not Provided,Yes
LUC_B04_030,SAN LUIS DEVELOPMENT COOPERATIVE,Financial,Other,Gen. Lukban,Barangay 4,14.11505071,121.5528977,Not Provided,Open,Not Provided,(042) 540-4910,"Arellano, Arvin L.",2026-09-29,Not Provided,Yes
LUC_B04_031,SLDC MART2,Retail,Grocery,Gen. Lukban,Barangay 4,14.11501897,121.552868,Not Provided,Open,Not Provided,Not Provided,"Erinco, Raphael Joshua V.",2026-09-29,Not Provided,Yes
LUC_B04_032,Cyrel Learning Center,Other,Other,Emilio Jacinto Street,Barangay 4,14.11509294,121.5528313,Not Provided,Open,Not Provided,9278854863,"Erinco, Raphael Joshua V.",2026-09-29,8 students per class,Yes
LUC_B04_033,,Retail,Other,Emilio Jacinto Street,Barangay 4,14.11514726,121.5527103,Not Provided,Open,Not Provided,Not Provided,"Arellano, Arvin L.",2026-09-29,Not Provided,Yes
LUC_B04_034,,Retail,Sari-Sari Store,Gomburza Street,Barangay 4,14.11317511,121.5505312,Not Provided,Open,Not Provided,Not Provided,"Erinco, Raphael Joshua V.",2026-09-29,Not Provided,Yes
LUC_B04_035,,Retail,Sari-Sari Store,Gomburza Street,Barangay 4,14.11375191,121.5515814,Not Provided,Open,Not Provided,Not Provided,"Arellano, Arvin L.",2026-09-29,Not Provided,Yes
LUC_B04_036,Pamilihang bayan ng Lucban,Retail,Grocery,Gomburza Street,Barangay 4,14.11438223,121.5520733,Not Provided,Open,Not Provided,Not Provided,"Erinco, Raphael Joshua V.",2026-09-29,Not Provided,Yes
LUC_B04_037,CBQP,Financial,Bank,Marcos Tigla Street,Barangay 4,14.1140062,121.5521628,Not Provided,Open,Not Provided,(042) 911-7332,"Erinco, Raphael Joshua V.",2026-09-29,Not Provided,Yes
LUC_B04_038,,Retail,Sari-Sari Store,Gen. Lukban,Barangay 4,14.11368942,121.552186,Not Provided,Open,Not Provided,Not Provided,"Erinco, Raphael Joshua V.",2026-09-29,Not Provided,Yes
LUC_B04_039,FVB Sari-Sari Store,Retail,Sari-Sari Store,Gen. Lukban,Barangay 4,14.11426484,121.5524734,Not Provided,Open,Not Provided,Not Provided,"Arellano, Arvin L.",2026-09-29,Not Provided,Yes
LUC_B04_040,,Retail,Sari-Sari Store,Fidel Rada Street,Barangay 4,14.11429046,121.5523899,Not Provided,Open,Not Provided,Not Provided,"Erinco, Raphael Joshua V.",2026-09-29,Not Provided,Yes
LUC_B04_041,"Baray's Lechon Pares, Mami At Silog",Food and Dining,Eatery,Fidel Rada Street,Barangay 4,14.11429832,121.5523277,Not Provided,Open,Not Provided,Not Provided,"Arellano, Arvin L.",2026-09-29,Not Provided,Yes
LUC_B04_042,ZUREA Hotel,Accommodation,Hotel,La Purisima Concepcion,Barangay 4,14.11623334,121.5524813,Not Provided,Open,24/7,0917854969 - Jeffrey Zurbano,"Terrenal, Tiara Joy V.",2026-01-10,Not Provided,Yes
LUC_B04_043,SJ2 Sari-Sari Store,Retail,Sari-Sari Store,Gomburza Street,Barangay 4,14.11594876,121.5530963,Not Provided,Closed,Not Provided,Not Provided,"Gonzales, John Louis Q.",2026-01-10,Not Provided,Yes
LUC_B04_044,SLDC MART 3,Retail,Grocery,Gomburza Street,Barangay 4,14.11565939,121.5532233,Not Provided,Closed,Not Provided,Not Provided,"Hutamares, Franchezka M.",2026-01-10,Not Provided,Yes
LUC_B04_045,LIPIT FOOD HOUSE,Food and Dining,Fast Food,Gen. Lukban,Barangay 4,14.11525396,121.5530121,Not Provided,Open,10:00 AM - 10:00 PM,09266904165 - Renato Lipit Jr.,"Quebrado, Lance Wayne Y.",2026-01-10,Not Provided,Yes
LUC_B04_046,SAN LUIS DEVELOPMENT COOPERATIVE - MAIN OFFICE,Retail,Grocery,Emilio Jacinto Street,Barangay 4,14.11505467,121.5528851,Not Provided,Closed,Not Provided,042 540-4910,"Terrenal, Tiara Joy V.",2026-01-10,Not Provided,Yes
LUC_B04_047,CAMPVILLE'S BAKERY,Food and Dining,Bakery,Gen. Lukban,Barangay 4,14.11501223,121.5526473,Not Provided,Closed,05:00 AM - 08:00 PM,Not Provided,"Gonzales, John Louis Q.",2026-01-10,Not Provided,Yes
LUC_B04_048,CAMILON DENTAL CLINIC,Health,Dentist,Gen. Lukban,Barangay 4,14.115115,121.5526815,Not Provided,Closed,Not Provided,Not Provided,"Hutamares, Franchezka M.",2026-01-10,Not Provided,Yes
LUC_B04_049,EVARDZ,Food and Dining,Eatery,Emilio Jacinto Street,Barangay 4,14.11521474,121.5527409,Not Provided,Closed,Not Provided,Not Provided,"Terrenal, Tiara Joy V.",2026-01-10,Not Provided,Yes
LUC_B04_050,VIGIL HALL,Other,Other,Gomburza Street,Barangay 4,14.1155353,121.5528056,Not Provided,Open,24/7,9281568159,"Gonzales, John Louis Q.",2026-01-10,funeral home,Yes
LUC_B04_051,SPRINGLIFE WATER STATION,Other,Other,Gomburza Street,Barangay 4,14.11547343,121.5527869,Not Provided,Closed,Not Provided,Not Provided,"Quebrado, Lance Wayne Y.",2026-01-10,water refilling station,Yes
LUC_B04_052,BARANGAY HALL,Government,Barangay Office,Gomburza Street,Barangay 4,14.11562054,121.5528396,Not Provided,Open,Not Provided,Not Provided,"Terrenal, Tiara Joy V.",2026-01-10,Not Provided,Yes
LUC_B04_053,PANCITAN NI KUYA,Food and Dining,Eatery,Gomburza Street,Barangay 4,14.11582832,121.5529877,Not Provided,Closed,Not Provided,Not Provided,"Hutamares, Franchezka M.",2026-01-10,Not Provided,Yes
LUC_B04_054,TAPSILUGAN,Food and Dining,Eatery,Gen. Lukban,Barangay 4,14.11475894,121.5527194,Not Provided,Closed,Not Provided,9151513362,"Gonzales, John Louis Q.",2026-01-10,Not Provided,Yes
LUC_B04_055,Oodles ni Utol,Food and Dining,Eatery,Gen. Lukban,Barangay 4,14.11475071,121.5526433,Not Provided,Open,8:00 AM - 2:00 AM,9927662307,"Quebrado, Lance Wayne Y.",2026-01-10,Not Provided,Yes
LUC_B04_056,MV STORE,Retail,Grocery,Gen. Lukban,Barangay 4,14.11485827,121.5525915,Not Provided,Closed,Not Provided,Not Provided,"Terrenal, Tiara Joy V.",2026-01-10,Not Provided,Yes
LUC_B04_057,FEBIS STORE,Retail,Grocery,Gomburza Street,Barangay 4,14.11489692,121.5524851,Not Provided,Closed,Not Provided,Not Provided,"Hutamares, Franchezka M.",2026-01-10,Not Provided,Yes
LUC_B04_058,CANDY STORE,Retail,Grocery,Gomburza Street,Barangay 4,14.11489014,121.5525148,Not Provided,Closed,Not Provided,Not Provided,"Gonzales, John Louis Q.",2026-01-10,Not Provided,Yes
LUC_B04_059,WARREN PRINCIPE Arvhitectural and Engineering Services,Professional Services,Other,Gomburza Street,Barangay 4,14.11486043,121.5524638,Not Provided,Closed,Not Provided,9549924965,"Quebrado, Lance Wayne Y.",2026-01-10,Not Provided,Yes
LUC_B04_060,ANOSO'S DRY GOODS STORE,Retail,Other,Gomburza Street,Barangay 4,14.11478696,121.5524221,Not Provided,Closed,Not Provided,Not Provided,"Terrenal, Tiara Joy V.",2026-01-10,Not Provided,Yes
LUC_B04_061,NORVIC STORE,Retail,Sari-Sari Store,Gomburza Street,Barangay 4,14.11469748,121.5523933,Not Provided,Closed,Not Provided,Not Provided,"Hutamares, Franchezka M.",2026-01-10,Not Provided,Yes
LUC_B04_062,Yneng's Bakery,Food and Dining,Bakery,A. Bonifacio,Barangay 4,14.11456373,121.5524762,Not Provided,Closed,Not Provided,Not Provided,"Gonzales, John Louis Q.",2026-01-10,Not Provided,Yes
LUC_B04_063,COSEJO'S FROZEN PRODUCT STORE,Retail,Other,A. Bonifacio,Barangay 4,14.11459769,121.5525152,Not Provided,Closed,Not Provided,Not Provided,"Quebrado, Lance Wayne Y.",2026-01-10,Not Provided,Yes
LUC_B04_064,DEBBIE'S WAFFLES DESSERTS,Food and Dining,Bakery,A. Bonifacio,Barangay 4,14.11455351,121.5525573,Not Provided,Closed,Not Provided,Not Provided,"Terrenal, Tiara Joy V.",2026-01-10,Not Provided,Yes
LUC_B04_065,FATIMA ZAHRA CELLPHONE ACCESSORIES,Personal Services,Repair Shop,Gen. Lukban,Barangay 4,14.11465882,121.5526792,Not Provided,Closed,Not Provided,Not Provided,"Hutamares, Franchezka M.",2026-01-10,Not Provided,Yes
LUC_B04_066,JHONA R. RATIO ACCOUNTING OFFICE,Professional Services,Other,Gen. Lukban,Barangay 4,14.11467407,121.5526893,Not Provided,Closed,Not Provided,9985675637,"Gonzales, John Louis Q.",2026-01-10,Not Provided,Yes
LUC_B04_067,SEAFERER'S MULTI-PURPOSE COOPERATIVE,Professional Services,Other,Gen. Lukban,Barangay 4,14.11468718,121.5526816,Not Provided,Closed,Not Provided,Not Provided,"Quebrado, Lance Wayne Y.",2026-01-10,Not Provided,Yes
LUC_B04_068,SOUNDSTAGE,Personal Services,Other,A. Bonifacio,Barangay 4,14.11449575,121.552555,Not Provided,Closed,Not Provided,Not Provided,"Terrenal, Tiara Joy V.",2026-01-10,Not Provided,Yes
LUC_B04_069,BAKERY,Food and Dining,Bakery,Gen. Lukban,Barangay 4,14.11438609,121.5525778,Not Provided,Closed,Not Provided,Not Provided,"Hutamares, Franchezka M.",2026-01-10,Not Provided,Yes
LUC_B04_070,TAPSILUGAN 2,Food and Dining,Eatery,Gen. Lukban,Barangay 4,14.11431858,121.5525206,Not Provided,Closed,Not Provided,Not Provided,"Gonzales, John Louis Q.",2026-01-10,Not Provided,Yes
LUC_B04_071,FVB SARI-SARI STORE,Retail,Sari-Sari Store,Gen. Lukban,Barangay 4,14.11425874,121.5524877,Not Provided,Closed,Not Provided,Not Provided,"Quebrado, Lance Wayne Y.",2026-01-10,Not Provided,Yes
LUC_B04_072,MCA PET CLINIC,Health,Clinic,Gen. Lukban,Barangay 4,14.11430714,121.552355,Not Provided,Closed,09:00 AM - 03:00 PM,9173759402,"Terrenal, Tiara Joy V.",2026-01-10,Not Provided,Yes
LUC_B04_073,"BARAY'S LECHON PARES, MAMI AT SILOG",Food and Dining,Eatery,Fidel Rada Street,Barangay 4,14.11432534,121.5523151,Not Provided,,Not Provided,Not Provided,"Hutamares, Franchezka M.",2026-01-10,Not Provided,Yes
LUC_B04_074,PANSIT HABHABAN,Food and Dining,Eatery,Fidel Rada Street,Barangay 4,14.11433588,121.5522316,Not Provided,Closed,Not Provided,Not Provided,"Gonzales, John Louis Q.",2026-01-10,Not Provided,Yes
LUC_B04_075,APUADA SARI SARI STORE,Retail,Sari-Sari Store,Gomburza Street,Barangay 4,14.11437056,121.552231,Not Provided,Closed,Not Provided,Not Provided,"Quebrado, Lance Wayne Y.",2026-01-10,Not Provided,Yes
LUC_B04_076,LUCENEL STORE,Retail,Sari-Sari Store,Gomburza Street,Barangay 4,14.11446442,121.5522736,Not Provided,Closed,Not Provided,Not Provided,"Terrenal, Tiara Joy V.",2026-01-10,Not Provided,Yes
LUC_B04_077,LUSINEL KITCHENETTE,Food and Dining,Eatery,Gomburza Street,Barangay 4,14.11448565,121.5522871,Not Provided,Closed,Not Provided,Not Provided,"Hutamares, Franchezka M.",2026-01-10,Not Provided,Yes
LUC_B04_078,LILIBETH STORE,Retail,Sari-Sari Store,Gomburza Street,Barangay 4,14.1145985,121.5523393,Not Provided,Closed,Not Provided,Not Provided,"Gonzales, John Louis Q.",2026-01-10,Not Provided,Yes
LUC_B04_079,LOTTO,Other,Other,Gomburza Street,Barangay 4,14.11427611,121.5521915,Not Provided,Closed,Not Provided,Not Provided,"Quebrado, Lance Wayne Y.",2026-01-10,Not Provided,Yes
LUC_B04_080,CBQP Cooperative Bank of Quezon Province - Lucban Branch,Financial,Bank,Marcos Tigla Street,Barangay 4,14.11404415,121.5521563,Not Provided,Closed,Not Provided,042 911-7332,"Terrenal, Tiara Joy V.",2026-01-10,Not Provided,Yes
LUC_B04_081,SARI SARI STORE,Retail,Sari-Sari Store,Gomburza Street,Barangay 4,14.11379794,121.5516693,Not Provided,Closed,Not Provided,Not Provided,"Hutamares, Franchezka M.",2026-01-10,Not Provided,Yes
LUC_B04_082,QUEVEDO'S TAILORING SHOP,Personal Services,Clothing,Gomburza Street,Barangay 4,14.11342915,121.5510703,Not Provided,Closed,Not Provided,Not Provided,"Gonzales, John Louis Q.",2026-01-10,Not Provided,Yes
LUC_B04_083,Lucban Genesis Ticketing Booth,Tourism,Tourism Service,A. Bonifacio,Barangay 4,14.11464848,121.5522245,Not Provided,Open,05:00 AM - 06:00 PM,Not Provided,"Hutamares, Franchezka M.",2026-03-10,Not Provided,Yes
LUC_B04_084,Brix Aldren Pasalubong,Retail,Souvenir,A. Bonifacio,Barangay 4,14.11462508,121.5521788,Not Provided,Open,Not Provided,Not Provided,"Quebrado, Lance Wayne Y.",2026-03-10,Not Provided,Yes
LUC_B04_085,Rechelle Pasalubong Store,Retail,Souvenir,A. Bonifacio,Barangay 4,14.11462325,121.55216,Not Provided,Open,Not Provided,Not Provided,"Gonzales, John Louis Q.",2026-03-10,Not Provided,Yes
LUC_B04_086,Bong and Shirley Pasalubong Store,Retail,Souvenir,A. Bonifacio,Barangay 4,14.11464873,121.55211,Not Provided,Open,Not Provided,Not Provided,"Terrenal, Tiara Joy V.",2026-03-10,Not Provided,Yes
LUC_B04_087,HM Transport Inc,Tourism,Tourism Service,A. Bonifacio,Barangay 4,14.11474091,121.5520491,Not Provided,Open,Not Provided,Not Provided,"Hutamares, Franchezka M.",2026-03-10,Not Provided,Yes
LUC_B04_088,Evangeline Racasa Pasalubong,Retail,Souvenir,A. Bonifacio,Barangay 4,14.11418544,121.5519479,Not Provided,Open,Not Provided,Not Provided,"Hutamares, Franchezka M.",2026-03-10,Not Provided,Yes
LUC_B04_089,Lydia & Cesar Fruit Stand,Retail,Grocery,A. Bonifacio,Barangay 4,14.11418534,121.5519694,Not Provided,Open,Not Provided,Not Provided,"Gonzales, John Louis Q.",2026-03-10,Not Provided,Yes
LUC_B04_090,Alex and Chebby Pasalubong,Retail,Souvenir,A. Bonifacio,Barangay 4,14.11416087,121.551958,Not Provided,Open,Not Provided,Not Provided,"Quebrado, Lance Wayne Y.",2026-03-10,Not Provided,Yes
LUC_B04_091,Myla's Bukuhan,Food and Dining,Other,A. Bonifacio,Barangay 4,14.11417109,121.5519926,Not Provided,Open,Not Provided,Not Provided,"Terrenal, Tiara Joy V.",2026-03-10,Not Provided,Yes
LUC_B04_092,Jappi Mini Grocery,Retail,Grocery,A. Bonifacio,Barangay 4,14.11468701,121.5522019,Not Provided,Open,Not Provided,Not Provided,"Hutamares, Franchezka M.",2026-03-10,Not Provided,Yes
LUC_B04_093,Dimsum Panda,Food and Dining,Fast Food,A. Bonifacio,Barangay 4,14.11474709,121.5521104,Not Provided,Open,24/7,Not Provided,"Quebrado, Lance Wayne Y.",2026-03-10,Not Provided,Yes
LUC_B04_094,Our Little Laundry Shop,Personal Services,Clothing,A. Bonifacio,Barangay 4,14.11475651,121.5520578,Not Provided,Open,07:00 AM - 07:00 PM,9475611477,"Gonzales, John Louis Q.",2026-03-10,Not Provided,Yes
LUC_B04_095,Bossing's Kambal Pizza,Food and Dining,Bakery,A. Bonifacio,Barangay 4,14.11472801,121.551965,Not Provided,Open,Not Provided,Not Provided,"Terrenal, Tiara Joy V.",2026-03-10,Not Provided,Yes
LUC_B04_096,Ref. Jojo's Barber Shop,Personal Services,Barbershop,A. Bonifacio,Barangay 4,14.11497866,121.551646,Not Provided,Open,Not Provided,Not Provided,"Hutamares, Franchezka M.",2026-03-10,Not Provided,Yes
LUC_B04_097,Sandra Jaime Sari-Sari Store,Retail,Sari-Sari Store,A. Racelis Avenue,Barangay 4,14.11545425,121.5514833,Not Provided,Open,Not Provided,Not Provided,"Hutamares, Franchezka M.",2026-03-10,Not Provided,Yes
LUC_B04_098,Rod-Chan Lambanog,Retail,Other,A. Racelis Avenue,Barangay 4,14.11545119,121.5515341,Not Provided,Closed,Not Provided,Not Provided,"Quebrado, Lance Wayne Y.",2026-03-10,Not Provided,Yes
LUC_B04_099,Underground Tattoo Barbers,Personal Services,Barbershop,A. Racelis Avenue,Barangay 4,14.11546025,121.5515466,Not Provided,Open,Not Provided,Not Provided,"Gonzales, John Louis Q.",2026-03-10,Not Provided,Yes
LUC_B04_100,Greenview Integrated Learning Center Inc. Tutorial Center,Professional Services,Other,A. Racelis Avenue,Barangay 4,14.11543148,121.5515771,Not Provided,Open,Not Provided,Not Provided,"Terrenal, Tiara Joy V.",2026-03-10,Not Provided,Yes
LUC_B04_101,Daza-Taleon,Accommodation,Lodge,A. Racelis Avenue,Barangay 4,14.11525917,121.5517552,Not Provided,Open,Not Provided,Not Provided,"Hutamares, Franchezka M.",2026-03-10,Not Provided,Yes
LUC_B04_102,Jacla's Bakery,Food and Dining,Bakery,A. Racelis Avenue,Barangay 4,14.1150354,121.5522222,Not Provided,Open,Not Provided,Not Provided,"Hutamares, Franchezka M.",2026-03-10,Not Provided,Yes
LUC_B04_103,Crafted,Food and Dining,Cafe,A. Racelis Avenue,Barangay 4,14.11494491,121.5523008,Not Provided,Open,Not Provided,Not Provided,"Quebrado, Lance Wayne Y.",2026-03-10,Not Provided,Yes
LUC_B04_104,Ellen Convenience Store,Retail,Sari-Sari Store,A. Racelis Avenue,Barangay 4,14.11501651,121.5523711,Not Provided,Open,Not Provided,Not Provided,"Gonzales, John Louis Q.",2026-03-10,Not Provided,Yes
LUC_B04_105,Spin Master Wash & Dry,Personal Services,Clothing,A. Racelis Avenue,Barangay 4,14.11503137,121.5523792,Not Provided,Open,Not Provided,Not Provided,"Terrenal, Tiara Joy V.",2026-03-10,Not Provided,Yes
LUC_B05_001,Lote Fitness Gym,Food and Dining,Restaurant,Fidel Rada Street,Barangay 5,14.112805,121.55589,Near Multi Purpose hall,Open,Not Provided,Not Provided,"Susim, Mark Gabriel E.",2026-10-03,Near Multi purpose hall,Yes
LUC_B05_002,Pablo's Store,Retail,Sari-Sari Store,,Barangay 5,14.112965,121.5545967,besides Pepet Restaurant,Open,Not Provided,Not Provided,"Dela Cruz, Shane Theresse A.",2026-03-20,Not Provided,Yes
LUC_B05_003,Brgy. 5 Multi-Purpose Hall,Government,Barangay Office,Balintawak Street,Barangay 5,14.11238667,121.5556533,Dulo ng balintawak street,Open,08:00 AM - 05:00 PM,Not Provided,"Susim, Mark Gabriel E.",2026-03-10,Not Provided,Yes
LUC_B05_004,Pedron Dental Clinic,Health,Dentist,,Barangay 5,14.112435,121.555725,near brgy 5 multi-purpose hall,Open,Not Provided,FB: PedronDentalClinic,"Dela Cruz, Shane Theresse A.",2026-03-10,Not Provided,Yes
LUC_B05_005,SK Hall,Government,Barangay Office,Balintawak Street,Barangay 5,14.11257667,121.5557483,near brgy. hall,Closed,Not Provided,Not Provided,"Liwanag, Micaela A.",2026-03-10,Not Provided,Yes
LUC_B05_006,Mikay Sari-Sari Store,Food and Dining,Restaurant,Balintawak Street,Barangay 5,14.11266111,121.5558833,Near Lote fitness gym and Multi-purpose hall,Open,07:00 AM - 08:00 PM,Not Provided,"Susim, Mark Gabriel E.",2026-03-10,Not Provided,Yes
LUC_B05_007,Liza's Products,Retail,Sari-Sari Store,Fidel Rada Street,Barangay 5,14.112575,121.5562867,near barangay 2 hall,Open,Not Provided,Not Provided,"Dela Cruz, Shane Theresse A.",2026-03-10,Not Provided,Yes
LUC_B05_008,NFP Boarding House,Other,Boarding House,Marcos Tigla Street,Barangay 5,14.11287667,121.5551383,near camp ville's,Open,Not Provided,09162453954,"Liwanag, Micaela A.",2026-03-10,Not Provided,Yes
LUC_B05_009,Campville's Broas & Pasalubong,Food and Dining,Souvenir,Don V. Cadelina,Barangay 5,14.11293833,121.5551267,Near NFP boarding house,Open,08:00 AM - 08:00 PM,Not Provided,"Susim, Mark Gabriel E.",2026-03-10,Not Provided,Yes
LUC_B05_010,Master Chef Alex,Food and Dining,Eatery,Fidel Rada Street,Barangay 5,14.113225,121.55479,in front of Printerest Sportswear,Closed,Not Provided,Not Provided,"Dela Cruz, Shane Theresse A.",2026-03-10,Not Provided,Yes
LUC_B05_011,SLDC Water Refilling Station,Other,Other,Fidel Rada Street,Barangay 5,14.11340771,121.5543865,near clinic,Open,08:00 AM - 06:00 PM,0949-859-6132- smart,"Susim, Mark Gabriel E.",2026-03-10,Water Refilling Station,Yes
LUC_B05_012,SLDC Grocery Store,Retail,Grocery,Fidel Rada Street,Barangay 5,14.113475,121.5542367,beside SLDC Water Station,Open,Not Provided,Not Provided,"Dela Cruz, Shane Theresse A.",2026-03-10,Not Provided,Yes
LUC_B05_013,Abing Store,Retail,Sari-Sari Store,Fidel Rada Street,Barangay 5,14.11351333,121.55404,near sldc grocery store,Open,Not Provided,Not Provided,"Liwanag, Micaela A.",2026-03-10,Not Provided,Yes
LUC_B05_014,Jia's Consumer Goods,Retail,Sari-Sari Store,Fidel Rada Street,Barangay 5,14.11366333,121.5538017,infront gogo car rental,Open,08:00 AM - 07:00 PM,Not Provided,"Susim, Mark Gabriel E.",2026-03-10,Consumer Goods,Yes
LUC_B05_015,Bigasan ng Bayan Wholesale & Retail,Retail,Grocery,,Barangay 5,14.11370167,121.5536967,daang Palola,Open,Not Provided,09664002301,"Dela Cruz, Shane Theresse A.",2026-03-10,Not Provided,Yes
LUC_B05_016,La Bubble Laundry Shop,Personal Services,Laundry,Fidel Rada Street,Barangay 5,14.114045,121.5529467,near palengke,Closed,Not Provided,09273757197,"Liwanag, Micaela A.",2026-03-10,Not Provided,Yes
LUC_B05_017,Lodriga Dental Clinic,Health,Dentist,Gen. Lukban,Barangay 5,14.11415333,121.55248,Near Palengke,Open,Not Provided,Not Provided,"Susim, Mark Gabriel E.",2026-03-10,Not Provided,Yes
LUC_B05_018,Medin's Studio,Professional Services,Printing Shop,Marcos Tigla Street,Barangay 5,14.11380426,121.5526515,near palengke,Open,Not Provided,Not Provided,"Dela Cruz, Shane Theresse A.",2026-03-10,digital photography & video coverage,Yes
LUC_B05_019,Nanay Tatay Store,Retail,Sari-Sari Store,A. Maderal Street,Barangay 5,14.11299,121.55296,Near the river,Open,07:00 AM - 05:00 PM,Not Provided,"Susim, Mark Gabriel E.",2026-03-10,Not Provided,Yes
LUC_B05_020,Anne Nails Studio,Personal Services,Salon,A. Maderal Street,Barangay 5,14.11297167,121.5531483,near Nanay & Tatay Store,Open,Not Provided,09158649152,"Dela Cruz, Shane Theresse A.",2026-03-10,Nail Salon,Yes
LUC_B05_021,Rowena's Mini Store,Retail,Sari-Sari Store,A. Mabini,Barangay 5,14.11279333,121.5534,PalolanWay,Open,Not Provided,Not Provided,"Susim, Mark Gabriel E.",2026-03-10,Not Provided,Yes
LUC_B05_022,Salud Refreshment,Food and Dining,Eatery,A. Mabini,Barangay 5,14.11295667,121.55338,Palola way,Closed,Not Provided,Not Provided,"Dela Cruz, Shane Theresse A.",2026-03-10,Not Provided,Yes
LUC_B05_023,Nonette's Store,Retail,Sari-Sari Store,E. Zurbano,Barangay 5,14.11312167,121.5533867,Palola Way,Open,Not Provided,Not Provided,"Susim, Mark Gabriel E.",2026-03-10,Not Provided,Yes
LUC_B05_024,Manok ni Kulot,Food and Dining,Fast Food,A. Mabini,Barangay 5,14.11334,121.5535533,Palola way,Open,Not Provided,Not Provided,"Dela Cruz, Shane Theresse A.",2026-03-10,Not Provided,Yes
LUC_B05_025,DC Family Store,Retail,Sari-Sari Store,Marcos Tigla Street,Barangay 5,14.113205,121.5540767,Marcos tigla street besides a red house,Open,08:00 AM - 08:00 PM,Not Provided,"Susim, Mark Gabriel E.",2026-03-10,Not Provided,Yes
LUC_B05_026,Sari-sari Store,Retail,Sari-Sari Store,Rizal Avenue,Barangay 5,14.11306667,121.5541317,across DC Family Store,Open,Not Provided,Not Provided,"Dela Cruz, Shane Theresse A.",2026-03-10,Not Provided,Yes
LUC_B05_027,J & J's Kitchen,Food and Dining,Eatery,Marcos Tigla Street,Barangay 5,14.11311833,121.55431,near DC family Store,Open,07:00 AM - 06:00 PM,Not Provided,"Susim, Mark Gabriel E.",2026-03-10,Not Provided,Yes
LUC_B05_028,Pepet,Food and Dining,Restaurant,Marcos Tigla Street,Barangay 5,14.11294333,121.554645,beside pablo store,Open,08:00 AM - 07:00 PM,Not Provided,"Susim, Mark Gabriel E.",2026-03-10,Not Provided,Yes
LUC_B05_029,Oblenida's Water Refilling Station,Retail,Other,Marcos Tigla Street,Barangay 5,14.11287333,121.5547983,in front of Tapzikorner,Open,Not Provided,09995782171,"Dela Cruz, Shane Theresse A.",2026-03-10,Water station,Yes
LUC_B05_030,Tapzi Corner,Food and Dining,Restaurant,Marcos Tigla Street,Barangay 5,14.11295,121.5548633,Infront of a water refilling station,Closed,Not Provided,Not Provided,"Susim, Mark Gabriel E.",2026-03-10,Not Provided,Yes
LUC_B05_031,Che 2x,Food and Dining,Restaurant,Marcos Tigla Street,Barangay 5,14.11291,121.5549117,beside tapzi corner,Open,08:00 AM - 08:00 PM,Not Provided,"Susim, Mark Gabriel E.",2026-03-10,Not Provided,Yes
LUC_B05_032,Lunar Store,Retail,Sari-Sari Store,Marcos Tigla Street,Barangay 5,14.11285333,121.55496,in front of Che2x Restaurant,Open,Not Provided,Not Provided,"Dela Cruz, Shane Theresse A.",2026-03-10,Not Provided,Yes
LUC_B05_033,NFP Boarding House,Accommodation,Boarding House,Marcos Tigla Street,Barangay 5,14.11278667,121.5550983,near Campville's broad and tikoy shop,Open,07:00 AM - 09:00 PM,0916 245 3954,"Susim, Mark Gabriel E.",2026-03-10,Not Provided,Yes
LUC_B05_034,V.A.N Store,Retail,Sari-Sari Store,Marcos Tigla Street,Barangay 5,14.11276667,121.5551417,besides NFP Boarding House,Open,Not Provided,09087133401,"Dela Cruz, Shane Theresse A.",2026-03-10,Not Provided,Yes
LUC_B05_035,ROANOV Printing and Layouting Services,Other,Printing Shop,G. Del Pilar,Barangay 5,14.11243333,121.55617,across liza's Products,Closed,Not Provided,Not Provided,"Susim, Mark Gabriel E.",2026-03-10,Not Provided,Yes
LUC_B05_036,DR. RODOLFO B. RAÑOLA CLINIC,Health,Clinic,Fidel Rada Street,Barangay 5,14.11331167,121.554445,beside sldc water station,Closed,Not Provided,Not Provided,"Liwanag, Micaela A.",2026-10-30,Not Provided,Yes
LUC_B05_037,Apo ni Luming pansitan,Food and Dining,Eatery,Marcos Tigla Street,Barangay 5,14.11358667,121.5531567,front of orange house,Open,Not Provided,09685260922,"Liwanag, Micaela A.",2206-03-10,Not Provided,Yes
LUC_B06_001,RMT's Clinical Laboratory,Health,Clinic,Placencia Street,Barangay 6,14.115498333,121.554031667,"corner of the street. connected to RRN Interactive Clinic, Skin Health Clinic, and Parinas Medical Clinic",Open,Not Provided,Not Provided,"Libao, Ried Carlo C.",2026-10-05,Not Provided,Yes
LUC_B06_002,RRN Integrative Health Clinic,Health,Clinic,Placencia Street,Barangay 6,14.115498333,121.554031667,"Corner of the street. Connected to RMT's Clinical Laboratory, Skin Health Clinic, and Parinas Health Clinic",Open,09:00 AM - 12:00 PM,Not Provided,"Libao, Ried Carlo C.",2026-10-05,Not Provided,Yes
LUC_B06_003,The Skin Health Clinic,Health,Clinic,Placencia Street,Barangay 6,14.115498333,121.554031667,"Corner of the street. Connected with RMT's Clinical Laboratory, RRN Integrative Health Clinic, and Parinas Health Clinic",Open,09:30 AM - 01:00 PM,Not Provided,"Libao, Ried Carlo C.",2026-10-05,Dermatology Clinic,Yes
LUC_B06_004,Parinas Medical Clinic,Health,Clinic,Placencia Street,Barangay 6,14.115498333,121.554031667,"Corner of the street. Connected to RRN Integrative Health Clinic, RMT's Clinical Laboratory, and The Skin Health Clinic",Open,Not Provided,Not Provided,"Libao, Ried Carlo C.",2026-10-05,Not Provided,Yes
LUC_B06_005,CE MARTINEZ APPAREL SHOP,Professional Services,Sewing Shop,La Purisima Concepcion,Barangay 6,14.11553,121.55396,Not Provided,Open,Not Provided,Not Provided,"Libao, Ried Carlo C.",2026-10-05,Not Provided,Yes
LUC_B06_006,Yahya's Accessories,Retail,Sari-Sari Store,La Purisima Concepcion,Barangay 6,14.115501667,121.553963333,Not Provided,Open,Not Provided,Not Provided,"Libao, Ried Carlo C.",2026-10-05,Not Provided,Yes
LUC_B06_007,Rolan's Barbershop,Personal Services,Barbershop,La Purisima Concepcion,Barangay 6,14.115578333,121.553918333,Not Provided,Open,Not Provided,Not Provided,"Libao, Ried Carlo C.",2026-10-05,Not Provided,Yes
LUC_B06_008,Jane Footwear,Retail,Clothing,La Purisima Concepcion,Barangay 6,14.115578333,121.553918333,Not Provided,Open,Not Provided,Not Provided,"Libao, Ried Carlo C.",2026-10-05,Not Provided,Yes
LUC_B06_009,Diana's Fruit Stand,Retail,Grocery,La Purisima Concepcion,Barangay 6,14.115606667,121.55384,Corner of the street,Open,Not Provided,Not Provided,"Libao, Ried Carlo C.",2026-10-05,Not Provided,Yes
LUC_B06_010,JMR Hardware Trading,Retail,Hardware,La Purisima Concepcion,Barangay 6,14.115657222,121.553716667,Not Provided,Open,Not Provided,Not Provided,"Libao, Ried Carlo C.",2026-10-05,Not Provided,Yes
LUC_B06_011,Unisex SBN Tahian,Professional Services,Sewing Shop,La Purisima Concepcion,Barangay 6,14.115701667,121.553651667,Not Provided,Open,Not Provided,Not Provided,"Libao, Ried Carlo C.",2026-10-05,Not Provided,Yes
LUC_B06_012,Late Bite,Food and Dining,Cafe,La Purisima Concepcion,Barangay 6,14.115753889,121.553541389,Not Provided,Open,Not Provided,Not Provided,"Libao, Ried Carlo C.",2026-10-05,Not Provided,Yes
LUC_B06_013,Aling Pining's Threads and Buttons,Professional Services,Sewing Shop,La Purisima Concepcion,Barangay 6,14.115767222,121.553529722,Not Provided,Open,09:00 AM - 05:00 PM,Not Provided,"Libao, Ried Carlo C.",2026-10-05,Not Provided,Yes
LUC_B06_014,C-Bar & Restaurant,Food and Dining,Bar,La Purisima Concepcion,Barangay 6,14.115745,121.553495,Not Provided,Open,Not Provided,Not Provided,"Libao, Ried Carlo C.",2026-10-05,Not Provided,Yes
LUC_B06_015,Ka-inaniyo,Retail,Grocery,La Purisima Concepcion,Barangay 6,14.115783333,121.553398333,Not Provided,Open,Not Provided,Not Provided,"Libao, Ried Carlo C.",2026-10-05,Not Provided,Yes
LUC_B06_016,Dani's Fruits and Vegetables,Retail,Grocery,Gen. Lukban,Barangay 6,14.115900833,121.553309722,Not Provided,Open,Not Provided,Not Provided,"Libao, Ried Carlo C.",2026-10-05,Not Provided,Yes
LUC_B06_017,Kuya Mack's Fried Chicken,Food and Dining,Fast Food,Gen. Lukban,Barangay 6,14.115958611,121.553311944,Not Provided,Open,Not Provided,Not Provided,"Libao, Ried Carlo C.",2026-10-05,Not Provided,Yes
LUC_B06_018,Aparte Law Office,Professional Services,Notary Public,La Purisima Concepcion,Barangay 6,14.115931667,121.553115,Not Provided,Open,08:30 AM - 05:30 PM,(042) 540 9374,"Libao, Ried Carlo C.",2026-10-05,Not Provided,Yes
LUC_B06_019,Reyes Bldg.,Accommodation,Boarding House,La Purisima Concepcion,Barangay 6,14.115978333,121.553003333,"2nd Floor, above One Day Laundry Express",Open,Not Provided,Not Provided,"Libao, Ried Carlo C.",2026-10-05,Not Provided,Yes
LUC_B06_020,One Day Express Laundry,Personal Services,Laundry,La Purisima Concepcion,Barangay 6,14.115976667,121.552975,Not Provided,Open,Not Provided,Not Provided,"Libao, Ried Carlo C.",2026-10-05,Not Provided,Yes
LUC_B06_021,El Hombre Salon,Personal Services,Salon,La Purisima Concepcion,Barangay 6,14.116070278,121.552820833,Not Provided,Open,10:00 AM - 07:00 PM,09242751644,"Libao, Ried Carlo C.",2026-10-05,Day off on Mondays,Yes
LUC_B06_022,Alakan ni Sadam,Retail,Sari-Sari Store,La Purisima Concepcion,Barangay 6,14.11608,121.552771667,Not Provided,Open,Not Provided,Not Provided,"Libao, Ried Carlo C.",2026-10-05,Not Provided,Yes
LUC_B06_023,Nedster Computer Repair,Professional Services,Electronics Repair Shop,Lopez Jaena,Barangay 6,14.116155833,121.553334167,Not Provided,Closed,Not Provided,Not Provided,"Libao, Ried Carlo C.",2026-10-05,Hardware Repair,Yes
LUC_B06_024,Christ is the Answer Lucban Bethel Temple International Ministries Inc.,Other,Place of Worship,Lopez Jaena,Barangay 6,14.116313333,121.553056667,Not Provided,Open,Not Provided,Not Provided,"Libao, Ried Carlo C.",2026-10-05,Church,Yes
LUC_B06_025,Wallybeth Crispy Pata,Food and Dining,Restaurant,Lopez Jaena,Barangay 6,14.116076667,121.553623333,Not Provided,Open,Not Provided,Not Provided,"Libao, Ried Carlo C.",2026-10-05,Not Provided,Yes
LUC_B06_026,A&S Meatshop & Frozen Goods,Food and Dining,Grocery,Lopez Jaena,Barangay 6,14.116126111,121.553587222,Not Provided,Open,Not Provided,Not Provided,"Libao, Ried Carlo C.",2026-10-05,Not Provided,Yes
LUC_B06_027,Lucban Builders Multi-Purpose Cooperative,Retail,Hardware,Lopez Jaena,Barangay 6,14.116109167,121.553687222,Not Provided,Open,Not Provided,Not Provided,"Cantos, Charlyne P.",2026-10-05,Not Provided,Yes
LUC_B06_028,PalmCure Therapeutic Massage,Personal Services,Massage,Lopez Jaena,Barangay 6,14.116008333,121.55373,Not Provided,Open,Not Provided,Not Provided,"Cantos, Charlyne P.",2026-10-05,Not Provided,Yes
LUC_B06_029,GOGO Car Rental & Travel Buddy,Automotive,Car Rental,Gen. Lukban,Barangay 6,14.116286389,121.5534625,Not Provided,Open,Not Provided,Not Provided,"Cantos, Charlyne P.",2026-10-05,Not Provided,Yes
LUC_B06_030,Geline's Ukay-Ukay Clothing Store #2,Retail,Clothing,Gen. Lukban,Barangay 6,14.116336389,121.553475833,Not Provided,Open,Not Provided,Not Provided,"Cantos, Charlyne P.",2026-10-05,Not Provided,Yes
LUC_B06_031,Balderosa's Sari-Sari Store,Retail,Sari-Sari Store,Plaridel,Barangay 6,14.116286389,121.554031389,Not Provided,Open,Not Provided,Not Provided,"Cantos, Charlyne P.",2026-10-05,Not Provided,Yes
LUC_B06_032,Daya's Sari-Sari Store,Retail,Sari-Sari Store,Suarez,Barangay 6,14.116124722,121.554055833,Not Provided,Open,Not Provided,Not Provided,"Cantos, Charlyne P.",2026-10-05,Not Provided,Yes
LUC_B06_033,Owel Sari-Sari Store,Retail,Sari-Sari Store,Plaridel,Barangay 6,14.116296667,121.553793333,Not Provided,Open,Not Provided,Not Provided,"Cantos, Charlyne P.",2026-10-05,Not Provided,Yes
LUC_B06_034,Gro-Sari,Retail,Sari-Sari Store,Katipunan,Barangay 6,14.11641,121.5543,Not Provided,Open,Not Provided,Not Provided,"Cantos, Charlyne P.",2026-10-05,Not Provided,Yes
LUC_B06_035,Flora Reemah,Personal Services,Flower Shop,Katipunan,Barangay 6,14.116447222,121.554283611,Not Provided,Open,Not Provided,09669431511,"Cantos, Charlyne P.",2026-10-05,Not Provided,Yes
LUC_B06_036,Help Inc. Lucban Branch,Financial,Entrepreneurship,Katipunan,Barangay 6,14.116375,121.554326667,Not Provided,Open,Not Provided,Not Provided,"Cantos, Charlyne P.",2026-10-05,Not Provided,Yes
LUC_B06_037,Bananacue & Maruyang Parirutong,Food and Dining,Fast Food,Katipunan,Barangay 6,14.116365278,121.554349722,Not Provided,Open,Not Provided,Not Provided,"Cantos, Charlyne P.",2026-10-05,Not Provided,Yes
LUC_B06_038,Gem's Variety Store,Retail,Sari-Sari Store,Placencia Street,Barangay 6,14.11634,121.554548333,Not Provided,Open,Not Provided,Not Provided,"Cantos, Charlyne P.",2026-10-05,Not Provided,Yes
LUC_B06_039,VDS Construction Services Inc.,Professional Services,Engineering Services,Placencia Street,Barangay 6,14.116395,121.554556667,Not Provided,Open,Not Provided,Not Provided,"Cantos, Charlyne P.",2026-10-05,Not Provided,Yes
LUC_B06_040,Gazsey's Fashion Shop,Retail,Clothing,Placencia Street,Barangay 6,14.116446667,121.554624667,Not Provided,Open,Not Provided,Not Provided,"Cantos, Charlyne P.",2026-10-05,Not Provided,Yes
LUC_B06_041,Myles Travel & Tours,Tourism,Tourism Service,Placencia Street,Barangay 6,14.11647,121.554626667,Not Provided,Open,Not Provided,09565173000,"Cantos, Charlyne P.",2026-10-05,Not Provided,Yes
LUC_B06_042,Rosalie's Dried Flowers,Personal Services,Flower Shop,D. Aguilar,Barangay 6,14.116628333,121.55454,Not Provided,Open,Not Provided,Not Provided,"Inoc, Dyan Michelle N.",2026-10-05,Flower Shop,Yes
LUC_B06_043,Pavino's Residence,Accommodation,Boarding House,D. Aguilar,Barangay 6,14.116708611,121.554296944,Not Provided,Open,Not Provided,Not Provided,"Libao, Ried Carlo C.",2026-10-05,Not Provided,Yes
LUC_B06_044,Chamihan sa Banahaw,Food and Dining,Eatery,Katipunan,Barangay 6,14.116594722,121.553878056,Not Provided,Open,Not Provided,Not Provided,"Inoc, Dyan Michelle N.",2026-10-05,Not Provided,Yes
LUC_B06_045,Merkado Marketplace & More,Retail,Grocery,Katipunan,Barangay 6,14.116603333,121.553803333,Not Provided,Open,Not Provided,Not Provided,"Inoc, Dyan Michelle N.",2026-10-05,Not Provided,Yes
LUC_B06_046,Helen's Pansitan,Food and Dining,Eatery,Gen. Lukban,Barangay 6,14.11643,121.553603333,Not Provided,Open,11:00 AM - 08:00 PM,Not Provided,"Libao, Ried Carlo C.",2026-10-05,Not Provided,Yes
LUC_B06_047,MRM,Retail,Sari-Sari Store,Katipunan,Barangay 6,14.11671,121.55352,Not Provided,Open,Not Provided,Not Provided,"Inoc, Dyan Michelle N.",2026-10-05,Not Provided,Yes
LUC_B06_048,Abbo's Carwash and Detailing,Automotive,Car Wash,Katipunan,Barangay 6,14.117554167,121.553815833,Not Provided,Open,Not Provided,Not Provided,"Inoc, Dyan Michelle N.",2026-10-05,Car Wash,Yes
LUC_B06_049,SKYPOD,Accommodation,Hotel,Katipunan,Barangay 6,14.117899722,121.554126389,Not Provided,Open,Not Provided,Not Provided,"Inoc, Dyan Michelle N.",2026-10-05,Not Provided,Yes
LUC_B06_050,Osolle Electrical Engineering Services,Professional Services,Engineering Services,Katipunan,Barangay 6,14.117495833,121.553809444,Not Provided,Open,Not Provided,096051490480,"Inoc, Dyan Michelle N.",2026-10-05,Electrical Engineering Services,Yes
LUC_B06_051,Racquel Sari-Sari Store,Retail,Sari-Sari Store,Katipunan,Barangay 6,14.116992143,121.553539762,Not Provided,Open,Not Provided,Not Provided,"Inoc, Dyan Michelle N.",2026-10-05,Not Provided,Yes
LUC_B06_052,Gulayan sa Banahaw,Retail,Grocery,Katipunan,Barangay 6,14.116834762,121.553269762,Not Provided,Open,Not Provided,Not Provided,"Inoc, Dyan Michelle N.",2026-10-05,Not Provided,Yes
LUC_B06_053,LV Noodle Bar,Food and Dining,Restaurant,Katipunan,Barangay 6,14.116808333,121.553296667,Not Provided,Open,Not Provided,Not Provided,"Inoc, Dyan Michelle N.",2026-10-05,Not Provided,Yes
LUC_B06_054,Barangay 6 CDC,Other,CDC,Katipunan,Barangay 6,14.117035,121.553243333,Next to Brgy Hall,Open,Not Provided,Not Provided,"Inoc, Dyan Michelle N.",2026-10-05,Not Provided,Yes
LUC_B06_055,Baby Empanada by Chef Noirs,Food and Dining,Eatery,Katipunan,Barangay 6,14.117035,121.553243333,Not Provided,Open,Not Provided,Not Provided,"Inoc, Dyan Michelle N.",2026-10-05,Not Provided,Yes
LUC_B06_056,Chick Corner,Food and Dining,Eatery,Katipunan,Barangay 6,14.117051667,121.553297143,Not Provided,Open,Not Provided,Not Provided,"Inoc, Dyan Michelle N.",2026-10-05,Not Provided,Yes
LUC_B06_057,Bahay Pamahalaan ng Barangay 6,Government,Barangay Office,Katipunan,Barangay 6,14.117161667,121.553281667,Not Provided,Open,08:00 AM - 05:00 PM,Not Provided,"Libao, Ried Carlo C.",2026-10-05,Closed on weekends,Yes
LUC_B06_058,Roda's Sari-Sari Store,Retail,Sari-Sari Store,Katipunan,Barangay 6,14.116910476,121.553023333,Not Provided,Open,Not Provided,Not Provided,"Inoc, Dyan Michelle N.",2026-10-05,Not Provided,Yes
LUC_B06_059,Banahaw TODA,Professional Services,Transport Station,Katipunan,Barangay 6,14.117068889,121.552963333,Not Provided,Open,Not Provided,Not Provided,"Inoc, Dyan Michelle N.",2026-10-05,Tricycle Station,Yes
LUC_B06_060,Rhize Beauty Salon,Personal Services,Salon,Katipunan,Barangay 6,14.117273333,121.553018333,Not Provided,Open,Not Provided,Not Provided,"Inoc, Dyan Michelle N.",2026-10-05,Not Provided,Yes
LUC_B06_061,Raquel Store,Retail,Sari-Sari Store,Katipunan,Barangay 6,14.117352708,121.553045,Not Provided,Open,Not Provided,Not Provided,"Inoc, Dyan Michelle N.",2026-10-05,Not Provided,Yes
LUC_B06_062,Soul Rock Dart & Bar Bullies,Food and Dining,Bar,Katipunan,Barangay 6,14.117446667,121.553085,Not Provided,Open,Not Provided,Not Provided,"Jabrica, Junell C.",2026-10-05,Bar,Yes
LUC_B06_063,RNL Clothing,Retail,Clothing,Katipunan,Barangay 6,14.116653095,121.553655238,Not Provided,Open,Not Provided,Not Provided,"Jabrica, Junell C.",2026-10-05,Not Provided,Yes
LUC_B06_064,Roland's Lambanog,Retail,Sari-Sari Store,Katipunan,Barangay 6,14.11664,121.553686667,Not Provided,Open,Not Provided,Not Provided,"Jabrica, Junell C.",2026-10-05,Not Provided,Yes
LUC_B06_065,Petshop,Other,Pet Shop,Katipunan,Barangay 6,14.116843333,121.554758333,Not Provided,Open,Not Provided,Not Provided,"Jabrica, Junell C.",2026-10-05,Not Provided,Yes
LUC_B06_066,BiggieTalk Global Department,Professional Services,Teaching Services,Placencia Street,Barangay 6,14.117063333,121.554895,Not Provided,Open,Not Provided,Not Provided,"Jabrica, Junell C.",2026-10-05,Not Provided,Yes
LUC_B06_067,Myori's,Food and Dining,Fast Food,C. Arellano,Barangay 6,14.1172175,121.554781667,Not Provided,Open,Not Provided,Not Provided,"Jabrica, Junell C.",2026-10-05,Not Provided,Yes
LUC_B06_068,Deveza Farm,Tourism,Tourist Attraction,C. Arellano,Barangay 6,14.117251389,121.554699167,Not Provided,Open,Not Provided,Not Provided,"Jabrica, Junell C.",2026-10-05,Not Provided,Yes
LUC_B07_001,Western Union,Financial,Remittance Center,La Purisima Concepcion,Barangay 7,14.115143333,121.554946111,Not Provided,Open,Not Provided,Not Provided,"Libao, Ried Carlo C.",2026-10-05,Not Provided,Yes
LUC_B07_002,Mathena Nail & Lash Salon,Personal Services,Salon,La Purisima Concepcion,Barangay 7,14.115133333,121.554891667,Not Provided,Open,Not Provided,Not Provided,"Libao, Ried Carlo C.",2026-10-05,Not Provided,Yes
LUC_B07_003,Southern Luzon Lending Company Inc.,Financial,Lending Company,La Purisima Concepcion,Barangay 7,14.115204722,121.554825,Not Provided,Open,Not Provided,Not Provided,"Libao, Ried Carlo C.",2026-10-05,Not Provided,Yes
LUC_B07_004,Prime Alliance,Professional Services,Office,La Purisima Concepcion,Barangay 7,14.115145,121.554854722,2nd Floor,Open,Not Provided,Not Provided,"Libao, Ried Carlo C.",2026-10-05,Office related to OFWs,Yes
LUC_B07_005,A.R. General Merchandise,Food and Dining,Eatery,La Purisima Concepcion,Barangay 7,14.115141944,121.554830833,Not Provided,Open,Not Provided,Not Provided,"Libao, Ried Carlo C.",2026-10-05,Not Provided,Yes
LUC_B07_006,Tidy Bubbles,Personal Services,Laundry,La Purisima Concepcion,Barangay 7,14.115185,121.55474,Not Provided,Open,06:30 AM - 07:30 PM,Not Provided,"Libao, Ried Carlo C.",2026-10-05,Not Provided,Yes
LUC_B07_007,Lucban Environmentalist Agro-Forestry Multipurpose Cooperative,Professional Services,Office,La Purisima Concepcion,Barangay 7,14.115231667,121.554653333,Not Provided,Open,08:00 AM - 05:00 PM,Not Provided,"Libao, Ried Carlo C.",2026-10-05,Closed on Sundays,No
LUC_B07_008,Royal Mangoshake,Food and Dining,Fast Food,La Purisima Concepcion,Barangay 7,14.115228333,121.554601667,Not Provided,Open,Not Provided,Not Provided,"Libao, Ried Carlo C.",2026-10-05,Not Provided,Yes
LUC_B07_009,QCRB Lucban,Financial,Bank,La Purisima Concepcion,Barangay 7,14.11527,121.55454,Not Provided,Open,09:00 AM - 04:00 PM,Not Provided,"Libao, Ried Carlo C.",2026-10-05,Closed on weekends,Yes
LUC_B07_010,Escuela Pia,Tourism,Tourist Attraction,Placencia Street,Barangay 7,14.115673611,121.554201944,Not Provided,Open,Not Provided,Not Provided,"Libao, Ried Carlo C.",2026-10-05,Not Provided,Yes
LUC_B07_011,HYDROLAB COMPANY,Professional Services,Water Station,Placencia Street,Barangay 7,14.11629,121.554533333,Not Provided,Open,Not Provided,Not Provided,"Libao, Ried Carlo C.",2026-10-05,Not Provided,Yes
LUC_B07_012,CWRS Purified Drinking Wtaer,Professional Services,Water Station,Placencia Street,Barangay 7,14.116738333,121.554683611,Not Provided,Open,Not Provided,(042) 540-8351,"Libao, Ried Carlo C.",2026-10-05,Not Provided,Yes
LUC_B07_013,Marnel's Store,Retail,Sari-Sari Store,Placencia Street,Barangay 7,14.117205,121.554993333,Not Provided,Open,Not Provided,Not Provided,"Libao, Ried Carlo C.",2026-10-05,Not Provided,Yes
LUC_B07_014,Mancenido's Funeral Service,Professional Services,Funeral Service,A. Mabini,Barangay 7,14.117355,121.55538,Not Provided,Open,Not Provided,540-9787,"Libao, Ried Carlo C.",2026-10-05,Not Provided,Yes
LUC_B07_015,KM Motorcycle Parts and Accessories Shop,Automotive,Parts Shop,A. Mabini,Barangay 7,14.117568611,121.555504444,Not Provided,Open,Not Provided,Not Provided,"Libao, Ried Carlo C.",2026-10-05,Not Provided,Yes
LUC_B07_016,G.P. Store,Retail,Sari-Sari Store,A. Mabini,Barangay 7,14.117648333,121.555544722,Not Provided,Open,Not Provided,Not Provided,"Libao, Ried Carlo C.",2026-10-05,Not Provided,Yes
LUC_B07_017,Pansitan,Food and Dining,Eatery,A. Mabini,Barangay 7,14.117463333,121.555443333,Not Provided,Open,Not Provided,Not Provided,"Libao, Ried Carlo C.",2026-10-05,Not Provided,Yes
LUC_B07_018,Lola Felisa Tea House,Food and Dining,Cafe,A. Mabini,Barangay 7,14.1179025,121.555682222,Not Provided,Open,Not Provided,Not Provided,"Libao, Ried Carlo C.",2026-10-05,Not Provided,Yes
LUC_B07_019,Sophia Store,Retail,Sari-Sari Store,A. Mabini,Barangay 7,14.117988125,121.555685208,Not Provided,Open,Not Provided,Not Provided,"Libao, Ried Carlo C.",2026-10-05,Not Provided,Yes
LUC_B07_020,Eva Villaverde Sari-Sari Store,Retail,Sari-Sari Store,A. Mabini,Barangay 7,14.118266944,121.555801667,Not Provided,Open,Not Provided,Not Provided,"Libao, Ried Carlo C.",2026-10-05,Not Provided,Yes
LUC_B07_021,LANI Sari-Sare Store,Retail,Sari-Sari Store,Claro Cabungcal,Barangay 7,14.118456111,121.555873056,Not Provided,Open,Not Provided,Not Provided,"Libao, Ried Carlo C.",2026-10-05,Not Provided,Yes
LUC_B07_022,Philippine Charity Sweepstakes Office Pirouette Corporation,Professional Services,Office,Claro Cabungcal,Barangay 7,14.118491667,121.555915,Not Provided,Open,Not Provided,Not Provided,"Libao, Ried Carlo C.",2026-10-05,Lottery,Yes
LUC_B07_023,J. Xavier Hall,Professional Services,Event Hall,La Purisima Concepcion,Barangay 7,14.118491667,121.555915,Not Provided,Open,Not Provided,Not Provided,"Libao, Ried Carlo C.",2026-10-05,Event Place,Yes
LUC_B07_024,Ray's Pharmacy,Health,Pharmacy,Claro Cabungcal,Barangay 7,14.118386667,121.55612,Not Provided,Open,08:00 AM - 06:00 PM,Not Provided,"Libao, Ried Carlo C.",2026-10-05,Not Provided,Yes
LUC_B07_025,Micharose Motorcycle Repair Shop,Automotive,Repair Shop,Claro Cabungcal,Barangay 7,14.118356667,121.556218333,Not Provided,Open,Not Provided,Not Provided,"Libao, Ried Carlo C.",2026-10-05,Not Provided,Yes
LUC_B07_026,Lucban Tile Center II,Retail,Building Materials Store,Claro Cabungcal,Barangay 7,14.118273333,121.556295,Not Provided,Open,Not Provided,Not Provided,"Libao, Ried Carlo C.",2026-10-05,Tile Shop/Hardware,Yes
LUC_B07_027,Durabilt Enterprises Inc. - Lucban,Retail,Building Materials Store,Claro Cabungcal,Barangay 7,14.118218056,121.556386944,Not Provided,Open,Not Provided,Not Provided,"Libao, Ried Carlo C.",2026-10-05,Building mats store,Yes
LUC_B07_028,Aqualen,Professional Services,Water Station,Claro Cabungcal,Barangay 7,14.118295,121.556473333,Not Provided,Open,Not Provided,Not Provided,"Libao, Ried Carlo C.",2026-10-05,Water Refilling Station,Yes
LUC_B07_029,PREMIO,Automotive,Dealership,Lucban-Sampaloc Road,Barangay 7,14.118178333,121.556565833,Not Provided,Open,Not Provided,Not Provided,"Libao, Ried Carlo C.",2026-10-05,Not Provided,Yes
LUC_B07_030,Eversure Bemi Luzon Motorcycle Corp.,Automotive,Dealership,Lucban-Sampaloc Road,Barangay 7,14.118076667,121.556534444,Not Provided,Open,Not Provided,Not Provided,"Libao, Ried Carlo C.",2026-10-05,dealership,Yes
LUC_B07_031,ARDCI Lucban Branch,Financial,Microfinance Institution,Lucban-Sampaloc Road,Barangay 7,14.118065,121.55654,Not Provided,Open,Not Provided,Not Provided,"Libao, Ried Carlo C.",2026-10-05,loaning company,Yes
LUC_B07_032,Eatlogan,Retail,Sari-Sari Store,Lucban-Sampaloc Road,Barangay 7,14.11788,121.556448333,Not Provided,Open,Not Provided,Not Provided,"Libao, Ried Carlo C.",2026-10-05,Not Provided,Yes
LUC_B07_033,Lamborg9 Performance Products,Automotive,Parts Shop,Lucban-Sampaloc Road,Barangay 7,14.117516667,121.5563,Not Provided,Open,Not Provided,Not Provided,"Libao, Ried Carlo C.",2026-10-05,Not Provided,Yes
LUC_B07_034,ROV Rice Supply,Retail,Grocery,Lucban-Sampaloc Road,Barangay 7,14.117503333,121.556278333,Not Provided,Open,Not Provided,Not Provided,"Libao, Ried Carlo C.",2026-10-05,Rice Store,Yes
LUC_B07_035,Perie's Bakehouse,Food and Dining,Bakery,Jose Eleazar,Barangay 7,14.117503333,121.555603333,Not Provided,Open,Not Provided,Not Provided,"Libao, Ried Carlo C.",2026-10-05,Not Provided,Yes
LUC_B07_036,Pecto's Bakery ( Sub-Branch ),Food and Dining,Bakery,Jose Eleazar,Barangay 7,14.117327222,121.555959722,Not Provided,Open,Not Provided,Not Provided,"Libao, Ried Carlo C.",2026-10-05,Not Provided,Yes
LUC_B07_037,Jed & Joy Kuya Mack's Fried Chicken,Food and Dining,Fast Food,Lucban-Sampaloc Road,Barangay 7,14.11721,121.556128333,Not Provided,Open,Not Provided,Not Provided,"Libao, Ried Carlo C.",2026-10-05,Not Provided,Yes
LUC_B07_038,Royal Canin,Other,Veterinary,Lucban-Sampaloc Road,Barangay 7,14.11697,121.556055476,Not Provided,Open,Not Provided,Not Provided,"Libao, Ried Carlo C.",2026-10-05,Veterinary,Yes
LUC_B07_039,Apostol Petshop and Animal Care,Other,Animal Care,Lucban-Sampaloc Road,Barangay 7,14.116918333,121.556013333,Not Provided,Open,Not Provided,Not Provided,"Libao, Ried Carlo C.",2026-10-05,Pet Shop,Yes
LUC_B07_040,Sheila Mani Store,Retail,Sari-Sari Store,C. Arellano,Barangay 7,14.116888333,121.555598333,Not Provided,Open,Not Provided,09763856428,"Libao, Ried Carlo C.",2026-10-05,Not Provided,Yes
LUC_B07_041,Double B Tent Rental Table and Chairs,Other,Event Services,La Purisima Concepcion,Barangay 7,14.116728333,121.555815,Not Provided,Open,Not Provided,042-540-4808,"Jabrica, Junell C.",2026-10-05,Event Item Renting,Yes
LUC_B07_042,House of Longganisa,Retail,Grocery,Lucban-Sampaloc Road,Barangay 7,14.116728333,121.555815,Not Provided,Open,Not Provided,Not Provided,"Libao, Ried Carlo C.",2026-10-05,Not Provided,Yes
LUC_B07_043,Dejelo WB Electrical and Gen. Merchandise,Retail,Hardware,Lucban-Sampaloc Road,Barangay 7,14.116611667,121.555805,Not Provided,Open,Not Provided,Not Provided,"Jabrica, Junell C.",2026-10-05,Electronic Components Store,Yes
LUC_B07_044,Rider Ace,Automotive,Parts Shop,A. Dela Cruz,Barangay 7,14.11653,121.555503333,Not Provided,Open,Not Provided,Not Provided,"Jabrica, Junell C.",2026-10-05,Not Provided,Yes
LUC_B07_045,1910 Store,Retail,Sari-Sari Store,A. Dela Cruz,Barangay 7,14.11653,121.555503333,Not Provided,Open,Not Provided,Not Provided,"Jabrica, Junell C.",2026-10-05,Not Provided,Yes
LUC_B07_046,Rosa Gems Boutique,Personal Services,Boutiques,A. Dela Cruz,Barangay 7,14.11653,121.555503333,Not Provided,Open,Not Provided,Not Provided,"Libao, Ried Carlo C.",2026-10-05,Boutiques,Yes
LUC_B07_047,Happy Eight Minihardware,Retail,Hardware,La Purisima Concepcion,Barangay 7,14.116520175,121.555388684,Not Provided,Open,Not Provided,Not Provided,"Jabrica, Junell C.",2026-10-05,hardware,Yes
LUC_B07_048,Nantes-Type Hall Bahay Pamahalaan Brgy. 7,Government,Barangay Office,A. Dela Cruz,Barangay 7,14.116593333,121.555286667,Not Provided,Open,Not Provided,Not Provided,"Jabrica, Junell C.",2026-10-05,Not Provided,Yes
LUC_B07_049,Barangay 7 CDC,Professional Services,CDC,A. Dela Cruz,Barangay 7,14.116593333,121.555286667,Not Provided,Open,Not Provided,Not Provided,"Jabrica, Junell C.",2026-10-05,Not Provided,Yes
LUC_B07_050,And-J Lights & Sounds,Professional Services,Studio,A. Mabini,Barangay 7,14.116892619,121.55515881,Not Provided,Open,Not Provided,Not Provided,"Cantos, Charlyne P.",2026-10-05,Music Renting,Yes
LUC_B07_051,Margie Store,Retail,Sari-Sari Store,A. Dela Cruz,Barangay 7,14.11676,121.554996667,Not Provided,Open,Not Provided,Not Provided,"Jabrica, Junell C.",2026-10-05,Not Provided,Yes
LUC_B07_052,Yna's Store,Retail,Sari-Sari Store,A. Mabini,Barangay 7,14.11645,121.554926667,Not Provided,Open,Not Provided,Not Provided,"Jabrica, Junell C.",2026-10-05,Not Provided,Yes
LUC_B07_053,Manokang Express,Retail,Grocery,D. Aguilar,Barangay 7,14.11639,121.555163333,Not Provided,Open,Not Provided,Not Provided,"Jabrica, Junell C.",2026-10-05,Not Provided,Yes
LUC_B07_054,Eureka David Resto & Catering,Personal Services,Catering Service,D. Aguilar,Barangay 7,14.1164,121.555116667,Not Provided,Open,Not Provided,09089134043,"Cantos, Charlyne P.",2026-10-05,catering Service,Yes
LUC_B07_055,Abuso Dental Clinic,Health,Dentist,D. Aguilar,Barangay 7,14.116287778,121.555285833,Not Provided,Open,Not Provided,09255041469,"Inoc, Dyan Michelle N.",2026-10-05,Dentist,Yes
LUC_B07_056,TON TON HARDWARE,Retail,Hardware,Lucban-Sampaloc Road,Barangay 7,14.116205,121.555566667,Not Provided,Open,Not Provided,Not Provided,"Inoc, Dyan Michelle N.",2026-10-05,Hardware Store,Yes
LUC_B07_057,J.R. SALVADOR Real Estate Broker And Appraiser,Professional Services,Office,Lucban-Sampaloc Road,Barangay 7,14.116412778,121.555714167,Not Provided,Open,Not Provided,09692884966,"Cantos, Charlyne P.",2026-10-05,Title Transfer and Real Estate,Yes
LUC_B07_058,Salvador Optical Clinic,Health,Optometrist,Lucban-Sampaloc Road,Barangay 7,14.116465,121.555713333,Not Provided,Open,09:00 AM - 06:00 PM,09812877104,"Cantos, Charlyne P.",2026-10-05,Eye Clinic,Yes
LUC_B07_059,Philippines Charity Sweepstakes Office Lotto,Personal Services,Lottos,Lucban-Sampaloc Road,Barangay 7,14.116303333,121.555716667,Not Provided,Open,Not Provided,Not Provided,"Jabrica, Junell C.",2026-10-05,Not Provided,Yes
LUC_B07_060,Mariel Machineries Inc.,Automotive,Dealership,Lucban-Sampaloc Road,Barangay 7,14.116263333,121.555642143,Not Provided,Open,Not Provided,09626695520,"Inoc, Dyan Michelle N.",2026-10-05,dealership,Yes
LUC_B07_061,Krea Home Appliances,Retail,Home Appliance Store,Katipunan,Barangay 7,14.116153333,121.55501,Not Provided,Open,Not Provided,09073447508,"Cantos, Charlyne P.",2026-10-05,Home Appliances,Yes
LUC_B07_062,"Power Option Solar, Electrical & Electronics Services",Retail,Electronics,Katipunan,Barangay 7,14.116178333,121.555155,Not Provided,Open,Not Provided,Not Provided,"Inoc, Dyan Michelle N.",2026-10-05,Electrical Supplies,Yes
LUC_B07_063,Bubble.Buddies Laundry Shop,Personal Services,Laundry,Katipunan,Barangay 7,14.116185,121.555021667,Not Provided,Open,Not Provided,09635134888,"Jabrica, Junell C.",2026-10-05,Not Provided,Yes
LUC_B07_064,Oblejia Ministore,Retail,Sari-Sari Store,A. Mabini,Barangay 7,14.116383333,121.554916667,Not Provided,Open,Not Provided,Not Provided,"Inoc, Dyan Michelle N.",2026-10-05,Not Provided,Yes
LUC_B07_065,Crisfritz Store,Retail,Sari-Sari Store,Katipunan,Barangay 7,14.11624,121.554853056,Corner of the street,Open,Not Provided,Not Provided,"Cantos, Charlyne P.",2026-10-05,Not Provided,Yes
LUC_B07_066,Nania's Kitchen,Food and Dining,Eatery,Katipunan,Barangay 7,14.116276667,121.554743333,Not Provided,Open,Not Provided,Not Provided,"Inoc, Dyan Michelle N.",2026-10-05,Not Provided,Yes
LUC_B07_067,La Barrida's Pizzaria,Food and Dining,Restaurant,Lucban-Sampaloc Road,Barangay 7,14.115936667,121.555475,Not Provided,Open,Not Provided,Not Provided,"Inoc, Dyan Michelle N.",2026-10-05,Not Provided,Yes
LUC_B07_068,Fleur De Ray,Personal Services,Flower Shop,Lucban-Sampaloc Road,Barangay 7,14.115808333,121.555461667,Not Provided,Open,Not Provided,Not Provided,"Inoc, Dyan Michelle N.",2026-10-05,boutiwue,Yes
LUC_B07_069,Tukang's Catering Service,Professional Services,Catering Service,Lucban-Sampaloc Road,Barangay 7,14.115716667,121.555393333,Not Provided,Open,Not Provided,Not Provided,"Cantos, Charlyne P.",2026-10-05,Not Provided,Yes
LUC_B07_070,Brooks Sole X Lazy Dude,Retail,Clothing,Plaridel,Barangay 7,14.115688333,121.555316667,Not Provided,Open,Not Provided,Not Provided,"Cantos, Charlyne P.",2026-10-05,Shoe Store,Yes
LUC_B07_071,Lucban Builders Multi-Purpose Cooperative,Professional Services,Building Materials Store,Plaridel,Barangay 7,14.115688333,121.555316667,Not Provided,Open,Not Provided,Not Provided,"Cantos, Charlyne P.",2026-10-05,Not Provided,Yes
LUC_B07_072,Roiger Snapshot Photograpy,Personal Services,Photography,A. Mabini,Barangay 7,14.116013333,121.554731667,Not Provided,Open,Not Provided,Not Provided,"Libao, Ried Carlo C.",2026-10-05,Photography,Yes
LUC_B07_073,Belle & Glam Aesthetic Hair Salon,Personal Services,Salon,A. Mabini,Barangay 7,14.116073333,121.554751667,Not Provided,Open,Not Provided,Not Provided,"Cantos, Charlyne P.",2026-10-05,Not Provided,Yes
LUC_B07_074,Spud Dad,Food and Dining,Fast Food,A. Mabini,Barangay 7,14.116073333,121.554751667,Not Provided,Open,Not Provided,Not Provided,"Jabrica, Junell C.",2026-10-05,Not Provided,Yes
LUC_B07_075,Zeyzey Store,Retail,Sari-Sari Store,A. Mabini,Barangay 7,14.116073333,121.554751667,Not Provided,Open,Not Provided,Not Provided,"Jabrica, Junell C.",2026-10-05,Not Provided,Yes
LUC_B07_076,Fried Chicken To Go,Food and Dining,Fast Food,A. Mabini,Barangay 7,14.116148333,121.554758333,Not Provided,Closed,Not Provided,Not Provided,"Cantos, Charlyne P.",2026-10-05,Not Provided,Yes
LUC_B07_077,Sarah's Touch,Personal Services,Salon,A. Mabini,Barangay 7,14.116095,121.554829722,Not Provided,Open,Not Provided,09994468475,"Inoc, Dyan Michelle N.",2026-10-05,Not Provided,Yes
LUC_B07_078,VJ Store,Retail,Sari-Sari Store,A. Mabini,Barangay 7,14.115641667,121.554556667,Not Provided,Open,Not Provided,Not Provided,"Jabrica, Junell C.",2026-10-05,Not Provided,Yes
LUC_B07_079,Bajong Ihawan,Food and Dining,Eatery,A. Mabini,Barangay 7,14.115756667,121.554661667,Not Provided,Open,Not Provided,Not Provided,"Cantos, Charlyne P.",2026-10-05,Not Provided,Yes
LUC_B07_080,Daily Laundry,Personal Services,Laundry,A. Mabini,Barangay 7,14.115795,121.554698333,Not Provided,Open,07:00 AM - 06:00 PM,09126368885,"Inoc, Dyan Michelle N.",2026-10-05,Not Provided,Yes
LUC_B07_081,SJ TENZEL Hardware and Construction Supply,Retail,Hardware,A. Mabini,Barangay 7,14.115751667,121.554628333,Not Provided,Open,Not Provided,Not Provided,"Jabrica, Junell C.",2026-10-05,Not Provided,Yes
LUC_B07_082,Batangas Lomi House,Food and Dining,Eatery,A. Mabini,Barangay 7,14.115836667,121.554681667,Not Provided,Open,Not Provided,Not Provided,"Jabrica, Junell C.",2026-10-05,Not Provided,Yes
LUC_B07_083,Shawarma Shack,Food and Dining,Fast Food,A. Mabini,Barangay 7,14.115866667,121.554675,Not Provided,Open,Not Provided,Not Provided,"Cantos, Charlyne P.",2026-10-05,Not Provided,Yes
LUC_B07_084,Bernaldez Law Office,Professional Services,Notary Public,A. Mabini,Barangay 7,14.115905,121.554733333,Not Provided,Open,Not Provided,Not Provided,"Inoc, Dyan Michelle N.",2026-10-05,Notary Public,Yes
LUC_B07_085,Patrick & Anthony's Bakery,Food and Dining,Bakery,A. Mabini,Barangay 7,14.115905,121.554733333,Not Provided,Open,Not Provided,Not Provided,"Jabrica, Junell C.",2026-10-05,Not Provided,Yes
LUC_B07_086,Motorcentral,Automotive,Dealership,Lucban-Sampaloc Road,Barangay 7,14.115435,121.55522,Not Provided,Open,Not Provided,Not Provided,"Jabrica, Junell C.",2026-10-05,Dealership,Yes
LUC_B07_087,Marnette Laundry Shop,Personal Services,Laundry,Lopez Jaena,Barangay 7,14.115561667,121.554845,Not Provided,Closed,Not Provided,09087104931,"Jabrica, Junell C.",2026-10-05,Not Provided,Yes
LUC_B07_088,SJ TENZEL Hardware & Construction Supply,Retail,Building Materials Store,Lopez Jaena,Barangay 7,14.11563,121.554776667,Not Provided,Open,Not Provided,Not Provided,"Cantos, Charlyne P.",2026-10-05,Not Provided,Yes
LUC_B07_089,Freyaj & Marga,Retail,Clothing,A. Mabini,Barangay 7,14.115638333,121.554708333,Not Provided,Open,Not Provided,Not Provided,"Inoc, Dyan Michelle N.",2026-10-05,Not Provided,Yes
LUC_B07_090,Rose's Arts & Crafts,Personal Services,Arts & Crafts,A. Mabini,Barangay 7,14.11562,121.554625,Not Provided,Closed,Not Provided,Not Provided,"Jabrica, Junell C.",2026-10-05,Not Provided,Yes
LUC_B07_091,Ligon Store,Retail,Sari-Sari Store,La Purisima Concepcion,Barangay 7,14.115273333,121.554613333,Not Provided,Open,Not Provided,Not Provided,"Inoc, Dyan Michelle N.",2026-10-05,Not Provided,Yes
LUC_B08_001,Abcede's Resto,Food and Dining,Restaurant,Quezon Avenue,Barangay 8,14.11363157,121.5562345,Not Provided,Open,Not Provided,Not Provided,"De Chavez, Sharaine Princess P.",2026-01-10,Not Provided,Yes
LUC_B08_002,Generica drugstore,Health,Pharmacy,Quezon Avenue,Barangay 8,14.11374222,121.5561989,Not Provided,Open,07:00 AM - 09:00 PM,Not Provided,"De Chavez, Sharaine Princess P.",2026-01-10,Not Provided,Yes
LUC_B08_003,Lola Pelang's,Food and Dining,Eatery,Quezon Avenue,Barangay 8,14.113745,121.55615,Not Provided,Open,Not Provided,Not Provided,"De Chavez, Sharaine Princess P.",2026-01-10,Not Provided,Yes
LUC_B08_004,Dadbod,Food and Dining,Restaurant,Quezon Avenue,Barangay 8,14.11382333,121.5559267,Not Provided,Closed,Not Provided,Not Provided,"De Chavez, Sharaine Princess P.",2026-01-10,Not Provided,Yes
LUC_B08_005,Mang Inasal,Food and Dining,Fast Food,Quezon Avenue,Barangay 8,14.11389372,121.5555892,Not Provided,Open,Not Provided,Not Provided,"Alfaro, Justin Alexandre B.",2026-01-10,Not Provided,Yes
LUC_B08_006,Mr. D.I.Y.,Retail,Other,Quezon Avenue,Barangay 8,14.11396019,121.5555069,Not Provided,Open,08:00 AM - 08:00 PM,Not Provided,"Alfaro, Justin Alexandre B.",2026-01-10,Subcategory is Others because madaming tinda,Yes
LUC_B08_007,Dealo Koffee Klatch Bakeshop,Food and Dining,Bakery,Quezon Avenue,Barangay 8,14.11397537,121.5554002,Not Provided,Open,Not Provided,9618105521,"Alfaro, Justin Alexandre B.",2026-01-10,Not Provided,Yes
LUC_B08_008,Jollibee,Food and Dining,Fast Food,Quezon Avenue,Barangay 8,14.11403833,121.5552193,Not Provided,Open,Not Provided,Not Provided,"Alfaro, Justin Alexandre B.",2026-01-10,Not Provided,Yes
LUC_B08_009,7 Eleven,Retail,Grocery,Quezon Avenue,Barangay 8,14.11411104,121.5551577,Not Provided,Open,24/7,Not Provided,"Alfaro, Justin Alexandre B.",2026-01-10,Convenience Store,Yes
LUC_B08_010,Les Garde Inn,Accommodation,Inn,Quezon Avenue,Barangay 8,14.11415667,121.5550533,Not Provided,Open,08:00 AM - 10:00 PM,9064188762,"Carable, Jillian Mae V.",2026-01-10,Not Provided,Yes
LUC_B08_011,Banko,Financial,Bank,Quezon Avenue,Barangay 8,14.11415944,121.5550511,Not Provided,Open,09:00 AM - 04:30 PM,Not Provided,"Carable, Jillian Mae V.",2026-01-10,Not Provided,Yes
LUC_B08_012,southstar drug,Health,Pharmacy,Quezon Avenue,Barangay 8,14.114174,121.5550443,Not Provided,Open,Not Provided,Not Provided,"Carable, Jillian Mae V.",2026-01-10,Not Provided,Yes
LUC_B08_013,Landbank,Financial,ATM,Quezon Avenue,Barangay 8,14.11420306,121.5549786,Not Provided,Open,Not Provided,Not Provided,"Carable, Jillian Mae V.",2026-01-10,Not Provided,Yes
LUC_B08_014,The Local Government Unit of Lucban,Government,Municipal Office,Quezon Avenue,Barangay 8,14.11421667,121.55483,Not Provided,Open,08:00 AM - 05:00 PM,Not Provided,"Carable, Jillian Mae V.",2026-01-10,Not Provided,Yes
LUC_B08_015,SJS,Retail,Other,Quezon Avenue,Barangay 8,14.11438333,121.5546797,Not Provided,Open,Not Provided,Not Provided,"De Chavez, Sharaine Princess P.",2026-01-10,Not Provided,Yes
LUC_B08_016,Palawan Pawnshop,Financial,Pawnshop,Quezon Avenue,Barangay 8,14.11440833,121.5546267,Not Provided,Closed,Not Provided,Not Provided,"De Chavez, Sharaine Princess P.",2026-01-10,Not Provided,Yes
LUC_B08_017,Pectos Bakery,Food and Dining,Bakery,Quezon Avenue,Barangay 8,14.1144125,121.5544933,Not Provided,Open,Not Provided,Not Provided,"De Chavez, Sharaine Princess P.",2026-01-10,Not Provided,Yes
LUC_B08_018,Mercury drug,Health,Pharmacy,Quezon Avenue,Barangay 8,14.11448833,121.5544667,Not Provided,Open,07:00 AM - 09:00 PM,Not Provided,"De Chavez, Sharaine Princess P.",2026-01-10,Not Provided,Yes
LUC_B08_019,Personal Collection,Retail,Other,Quezon Avenue,Barangay 8,14.11450167,121.554425,Not Provided,Open,10:00 AM - 06:30 PM,Not Provided,"De Chavez, Sharaine Princess P.",2026-01-10,Not Provided,Yes
LUC_B08_020,G.B.DAZA LUCBAN LONGGANISA,Food and Dining,Souvenir,Quezon Avenue,Barangay 8,14.11453333,121.554345,Not Provided,Open,Not Provided,Not Provided,"Alfaro, Justin Alexandre B.",2026-01-10,Not Provided,Yes
LUC_B08_021,Perie's Bakehouse,Food and Dining,Bakery,Quezon Avenue,Barangay 8,14.11455861,121.5542428,Not Provided,Open,Not Provided,9999912499,"Alfaro, Justin Alexandre B.",2026-01-10,Not Provided,Yes
LUC_B08_022,Carlos Superdrug,Health,Pharmacy,Quezon Avenue,Barangay 8,14.11456938,121.5541283,Not Provided,Open,07:00 AM - 09:00 PM,Not Provided,"Alfaro, Justin Alexandre B.",2026-01-10,Not Provided,Yes
LUC_B08_023,Watson's Pharmacy,Health,Pharmacy,Quezon Avenue,Barangay 8,14.113783,121.5559193,Not Provided,Open,07:00 AM - 09:00 PM,Not Provided,"De Chavez, Sharaine Princess P.",2026-01-10,Not Provided,Yes
LUC_B08_024,The Generics Pharmacy,Health,Pharmacy,A. Mabini,Barangay 8,14.114732,121.5542163,Not Provided,Open,Not Provided,Not Provided,"Alfaro, Justin Alexandre B.",2026-01-10,Not Provided,Yes
LUC_B08_025,Cristina's Palamigan,Retail,Sari-Sari Store,,Barangay 8,14.11475278,121.55423,Not Provided,Open,Not Provided,Not Provided,"Alfaro, Justin Alexandre B.",2026-01-10,Not Provided,Yes
LUC_B08_026,Four P's Lucban Hab-Hab Pansiteria,Food and Dining,Eatery,San Luis,Barangay 8,14.11483733,121.5544847,Not Provided,Open,Not Provided,Not Provided,"Carable, Jillian Mae V.",2026-01-10,Not Provided,Yes
LUC_B08_027,Ivaneson Botique,Retail,Clothing,San Luis,Barangay 8,14.11478033,121.5545987,Not Provided,Open,Not Provided,Not Provided,"Carable, Jillian Mae V.",2026-01-10,Not Provided,Yes
LUC_B08_028,Rodelas Law Office,Professional Services,Office,San Luis,Barangay 8,14.11478167,121.5545717,Not Provided,Open,Not Provided,9190987998,"Carable, Jillian Mae V.",2026-01-10,law office notary,Yes
LUC_B08_029,H&L RTW Store,Retail,Clothing,San Luis,Barangay 8,14.11477674,121.554585,Not Provided,Open,Not Provided,Not Provided,"Carable, Jillian Mae V.",2026-01-10,Not Provided,Yes
LUC_B08_030,RMA Kitchen,Food and Dining,Eatery,San Luis,Barangay 8,14.114743,121.554663,Not Provided,Open,Not Provided,Not Provided,"Carable, Jillian Mae V.",2026-01-10,Not Provided,Yes
LUC_B08_031,Buddy's,Food and Dining,Restaurant,Rizal Avenue,Barangay 8,14.11460333,121.5547919,Not Provided,Open,Not Provided,9988414867,"De Chavez, Sharaine Princess P.",2026-01-10,Not Provided,Yes
LUC_B08_032,Prutasan,Retail,Other,San Luis,Barangay 8,14.11432567,121.5555143,Not Provided,Open,Not Provided,Not Provided,"De Chavez, Sharaine Princess P.",2026-01-10,Fruit store,Yes
LUC_B08_033,Chickenitch Villaverde,Retail,Other,San Luis,Barangay 8,14.114282,121.555615,Not Provided,Open,Not Provided,Not Provided,"De Chavez, Sharaine Princess P.",2026-01-10,Raw chicken shop,Yes
LUC_B08_034,Chooks to Go,Food and Dining,Other,San Luis,Barangay 8,14.11419567,121.555726,Not Provided,Open,Not Provided,Not Provided,"De Chavez, Sharaine Princess P.",2026-01-10,Cooked Chicken shop,Yes
LUC_B08_035,Potato Corner,Food and Dining,Fast Food,San Luis,Barangay 8,14.11417767,121.555778,Not Provided,Open,Not Provided,Not Provided,"De Chavez, Sharaine Princess P.",2026-01-10,Not Provided,Yes
LUC_B08_036,SMC Hair & Waxing Salon,Personal Services,Salon,San Luis,Barangay 8,14.114175,121.5558053,Not Provided,Open,09:00 AM - 07:00 PM,Not Provided,"Alfaro, Justin Alexandre B.",2026-01-10,3rd Floor - Transient Room,Yes
LUC_B08_037,Five Star,Food and Dining,Other,San Luis,Barangay 8,14.11416639,121.5558881,Not Provided,Open,Not Provided,Not Provided,"Alfaro, Justin Alexandre B.",2026-01-10,Lutong Chicken Shop,Yes
LUC_B08_038,Apartment,Accommodation,Boarding House,San Luis,Barangay 8,14.114065,121.5560217,Not Provided,Open,Not Provided,Not Provided,"Alfaro, Justin Alexandre B.",2026-01-10,No Label,Yes
LUC_B08_039,J&C Laundry Hub,Personal Services,Laundry,San Luis,Barangay 8,14.11406167,121.5560383,Not Provided,Open,07:00 AM - 07:00 PM,9683635767,"Alfaro, Justin Alexandre B.",2026-01-10,Not Provided,Yes
LUC_B08_040,Purified Ice Store,Retail,Other,Balintawak Street,Barangay 8,14.11418333,121.5565594,Not Provided,Open,Not Provided,Not Provided,"Alfaro, Justin Alexandre B.",2026-01-10,Not Provided,Yes
LUC_B08_041,Lisa's Store,Retail,Sari-Sari Store,Balintawak Street,Barangay 8,14.11427933,121.556574,Not Provided,Open,Not Provided,Not Provided,"Apostol, Janelle Mae A.",2026-01-10,Not Provided,Yes
LUC_B08_042,Printerest Design Studio,Professional Services,Printing Shop,La Purisima Concepcion,Barangay 8,14.11459633,121.5563483,Not Provided,Open,08:00 AM - 06:00 PM,425403261,"Carable, Jillian Mae V.",2026-01-10,Not Provided,Yes
LUC_B08_043,Hao Cafe,Food and Dining,Cafe,La Purisima Concepcion,Barangay 8,14.114692,121.5561477,Not Provided,Open,Not Provided,Not Provided,"Carable, Jillian Mae V.",2026-01-10,Not Provided,Yes
LUC_B08_044,Azarcon Residence Office,Professional Services,Office,La Purisima Concepcion,Barangay 8,14.11474167,121.5560217,Not Provided,Open,Not Provided,Not Provided,"Carable, Jillian Mae V.",2026-01-10,"Residential Office at tindahan ng lambanog, open daw sila",Yes
LUC_B08_045,Villenas Photo & Studio,Professional Services,Printing Shop,La Purisima Concepcion,Barangay 8,14.11486333,121.555772,Not Provided,Open,Not Provided,Not Provided,"Carable, Jillian Mae V.",2026-01-10,Not Provided,Yes
LUC_B08_046,Concepcion st. Bakery,Food and Dining,Bakery,La Purisima Concepcion,Barangay 8,14.11489387,121.5555558,Not Provided,Open,Not Provided,Not Provided,"De Chavez, Sharaine Princess P.",2026-01-10,"Bawal itanong ang name, wala raw yung owner, pero kind yung seller",Yes
LUC_B08_047,Jaiowa's Homemade Foodie,Food and Dining,Restaurant,La Purisima Concepcion,Barangay 8,14.11496139,121.5554942,Not Provided,Open,Not Provided,Not Provided,"De Chavez, Sharaine Princess P.",2026-01-10,Not Provided,Yes
LUC_B08_048,Philippine National Bank,Financial,Bank,La Purisima Concepcion,Barangay 8,14.115006,121.555313,Not Provided,Open,09:00 AM - 04:00 PM,Not Provided,"De Chavez, Sharaine Princess P.",2026-01-10,Not Provided,Yes
LUC_B08_049,MLhuillier,Financial,Pawnshop,La Purisima Concepcion,Barangay 8,14.11512861,121.5549886,Not Provided,Open,08:00 AM - 06:00 PM,Not Provided,"De Chavez, Sharaine Princess P.",2026-01-10,Not Provided,Yes
LUC_B08_050,Alpha Building,Accommodation,Hotel,La Purisima Concepcion,Barangay 8,14.11523444,121.5547308,Not Provided,Closed,Not Provided,Not Provided,"De Chavez, Sharaine Princess P.",2026-01-10,Not Provided,Yes
LUC_B08_051,Shoti's Sizzling Hun,Food and Dining,Restaurant,La Purisima Concepcion,Barangay 8,14.11524528,121.5546819,Not Provided,Open,05:00 PM - 11:00 PM,Not Provided,"Alfaro, Justin Alexandre B.",2026-01-10,Not Provided,Yes
LUC_B08_052,Franco's Eatery,Food and Dining,Eatery,La Purisima Concepcion,Barangay 8,14.1153025,121.5544856,Not Provided,Open,Not Provided,Not Provided,"Alfaro, Justin Alexandre B.",2026-01-10,Not Provided,Yes
LUC_B08_053,Bahay Pamahalaan Barangay 8,Government,Barangay Office,La Purisima Concepcion,Barangay 8,14.11536667,121.5543817,Not Provided,Open,08:00 AM - 05:00 PM,Not Provided,"Alfaro, Justin Alexandre B.",2026-01-10,Not Provided,Yes
LUC_B08_054,Joan's Vegetable Shop,Retail,Other,Gen. Lukban,Barangay 8,14.11556389,121.5531917,Not Provided,Open,Not Provided,Not Provided,"Alfaro, Justin Alexandre B.",2026-01-10,Not Provided,Yes
LUC_B08_055,Fruit Shop,Retail,Other,Gen. Lukban,Barangay 8,14.11545639,121.5531297,Not Provided,Open,Not Provided,Not Provided,"Alfaro, Justin Alexandre B.",2026-01-10,Not Provided,Yes
LUC_B08_056,JWJ General Merchandise,Retail,Other,San Luis,Barangay 8,14.11532633,121.5533033,Not Provided,Open,Not Provided,Not Provided,"Carable, Jillian Mae V.",2026-01-10,general merchandise,Yes
LUC_B08_057,"Annie's Arts, Crafts, Antiques, Gallery",Retail,Other,San Luis,Barangay 8,14.11533714,121.5533683,Not Provided,Closed,Not Provided,Not Provided,"Carable, Jillian Mae V.",2026-01-10,Not Provided,Yes
LUC_B08_058,Jansen Hann Art Cafe,Food and Dining,Cafe,San Luis,Barangay 8,14.115315,121.5534039,Not Provided,Closed,Not Provided,Not Provided,"Carable, Jillian Mae V.",2026-01-10,Not Provided,Yes
LUC_B08_059,Bubble Magic Laundry Hub,Personal Services,Laundry,San Luis,Barangay 8,14.11530111,121.5534072,Not Provided,Open,Not Provided,Not Provided,"Carable, Jillian Mae V.",2026-01-10,Not Provided,Yes
LUC_B08_060,St. Louis Bishop Parish Church,Other,Other,San Luis,Barangay 8,14.11507944,121.5538306,Not Provided,Open,Not Provided,Not Provided,"Carable, Jillian Mae V.",2026-01-10,Church,Yes
LUC_B08_061,Casa del Niño Jesus de Lucban,Other,Other,San Luis,Barangay 8,14.11519704,121.5537854,Not Provided,Open,Not Provided,Not Provided,"De Chavez, Sharaine Princess P.",2026-01-10,School,Yes
LUC_B08_062,Funeral home,Other,Other,La Purisima Concepcion,Barangay 8,14.1154,121.5540833,Not Provided,Open,Not Provided,Not Provided,"De Chavez, Sharaine Princess P.",2026-01-10,lamayan/burulan malapit sa simbahan,Yes
LUC_B08_063,Parish Court,Other,Other,La Purisima Concepcion,Barangay 8,14.11523333,121.5541311,Not Provided,Open,Not Provided,Not Provided,"De Chavez, Sharaine Princess P.",2026-01-10,court,Yes
LUC_B08_064,Tsok Latera,Food and Dining,Cafe,A. Mabini,Barangay 8,14.11436389,121.5538869,Not Provided,Open,Not Provided,Not Provided,"Alfaro, Justin Alexandre B.",2026-01-10,Not Provided,Yes
LUC_B08_065,Lucky Bookstore,Retail,Other,Balintawak Street,Barangay 8,14.1134249,121.5562282,Not Provided,Open,Not Provided,Not Provided,"Arellano, Arvin L.",2026-01-10,Not Provided,Yes
LUC_B08_066,Vasthara,Professional Services,Other,Balintawak Street,Barangay 8,14.11327744,121.5561459,Not Provided,Open,Not Provided,9461808248,"Apostol, Janelle Mae A.",2026-01-10,Not Provided,Yes
LUC_B08_067,Patakim,Food and Dining,Restaurant,A. Racelis Avenue,Barangay 8,14.1133195,121.5558848,Not Provided,Open,Not Provided,9369181981,"Erinco, Raphael Joshua V.",2026-01-10,Not Provided,Yes
LUC_B08_068,Grynne's Flower Shop,Retail,Other,A. Racelis Avenue,Barangay 8,14.11340117,121.5557669,Not Provided,Open,Not Provided,9060990011,"Arellano, Arvin L.",2026-01-10,Not Provided,Yes
LUC_B08_069,,Retail,Sari-Sari Store,A. Racelis Avenue,Barangay 8,14.11342001,121.555657,Not Provided,Open,Not Provided,Not Provided,"Apostol, Janelle Mae A.",2026-01-10,Not Provided,Yes
LUC_B08_070,MJD Shop,Retail,Clothing,A. Racelis Avenue,Barangay 8,14.11349418,121.555562,Not Provided,Open,Not Provided,Not Provided,"Erinco, Raphael Joshua V.",2026-01-10,Not Provided,Yes
LUC_B08_071,Boyet Eatery,Food and Dining,Eatery,A. Racelis Avenue,Barangay 8,14.113495,121.5555531,Not Provided,Open,Not Provided,9158181011,"Arellano, Arvin L.",2026-01-10,Not Provided,Yes
LUC_B08_072,,Retail,Clothing,A. Racelis Avenue,Barangay 8,14.11352493,121.5554484,Not Provided,Open,Not Provided,Not Provided,"Apostol, Janelle Mae A.",2026-01-10,Not Provided,Yes
LUC_B08_073,Cebuana Lhuillier,Financial,Pawnshop,A. Racelis Avenue,Barangay 8,14.11363807,121.5554322,Not Provided,Open,08:00 AM - 06:00 PM,Not Provided,"Arellano, Arvin L.",2026-01-10,Not Provided,Yes
LUC_B08_074,Atinto Travel and Tours,Tourism,Tourism Service,,Barangay 8,14.11365044,121.5553296,Not Provided,Open,Not Provided,Not Provided,"Erinco, Raphael Joshua V.",2026-01-10,Not Provided,Yes
LUC_B08_075,Radyo Natin,Other,Other,,Barangay 8,14.11363049,121.5552739,Not Provided,Open,Not Provided,Not Provided,"Apostol, Janelle Mae A.",2026-01-10,Radio station,Yes
LUC_B08_076,Arlene's Hall,Other,Other,A. Racelis Avenue,Barangay 8,14.11365792,121.5552316,Not Provided,Open,Not Provided,Not Provided,"Arellano, Arvin L.",2026-01-10,Event Hall,Yes
LUC_B08_077,Mitzi,Professional Services,Restaurant,A. Racelis Avenue,Barangay 8,14.11374655,121.5550421,Not Provided,Open,08:00 AM - 05:00 PM,9613369143,"Erinco, Raphael Joshua V.",2026-01-10,Not Provided,Yes
LUC_B08_078,Buctil,Retail,Grocery,A. Racelis Avenue,Barangay 8,14.11383611,121.5548957,Not Provided,Open,Not Provided,Not Provided,"Apostol, Janelle Mae A.",2026-01-10,Not Provided,Yes
LUC_B08_079,Gold Fortune General Merchandise,Retail,Other,A. Racelis Avenue,Barangay 8,14.11398117,121.5545882,Not Provided,Open,Not Provided,Not Provided,"Erinco, Raphael Joshua V.",2026-01-10,Not Provided,Yes
LUC_B08_080,Ven's Puto Seko,Retail,Bakery,A. Racelis Avenue,Barangay 8,14.11402247,121.5544593,Not Provided,Open,Not Provided,Not Provided,"Apostol, Janelle Mae A.",2026-01-10,Not Provided,Yes
LUC_B08_081,Premium Bikes,Retail,Other,A. Racelis Avenue,Barangay 8,14.11410831,121.554324,Not Provided,Open,Not Provided,Not Provided,"Arellano, Arvin L.",2026-01-10,Not Provided,Yes
LUC_B08_082,Hopee Beautify and Wellness Hub,Personal Services,Salon,A. Racelis Avenue,Barangay 8,14.1141841,121.5541941,Not Provided,Open,Not Provided,Not Provided,"Erinco, Raphael Joshua V.",2026-01-10,Not Provided,Yes
LUC_B08_083,W.B Law Office,Professional Services,Office,A. Racelis Avenue,Barangay 8,14.1141694,121.5541491,Not Provided,Open,Not Provided,9604524793,"Erinco, Raphael Joshua V.",2026-01-10,Not Provided,Yes
LUC_B08_084,Fubu International,Retail,Clothing,A. Racelis Avenue,Barangay 8,14.11416316,121.5541108,Not Provided,Open,Not Provided,9985984349,"Apostol, Janelle Mae A.",2026-01-10,Not Provided,Yes
LUC_B08_085,Baliwag,Retail,Other,A. Racelis Avenue,Barangay 8,14.11421552,121.5540328,Not Provided,Open,07:00 AM - 12:00 AM,Not Provided,"Arellano, Arvin L.",2026-01-10,Not Provided,Yes
LUC_B08_086,Monday's fruit and vegetables,Retail,Other,A. Racelis Avenue,Barangay 8,14.11428928,121.5539174,Not Provided,Open,07:30 AM - 08:00 PM,Not Provided,"Erinco, Raphael Joshua V.",2026-01-10,Not Provided,Yes
LUC_B08_087,,Retail,Clothing,A. Mabini,Barangay 8,14.11440694,121.5539098,Not Provided,Open,Not Provided,Not Provided,"Apostol, Janelle Mae A.",2026-01-10,Ayaw sabihin name magagalitan daw si ate,Yes
LUC_B08_088,PackSmart,Retail,Other,A. Mabini,Barangay 8,14.11443439,121.5538976,Not Provided,Open,Not Provided,Not Provided,"Arellano, Arvin L.",2026-01-10,Not Provided,Yes
LUC_B08_089,Alfamart,Retail,Grocery,A. Mabini,Barangay 8,14.11448307,121.5539602,Not Provided,Open,07:00 AM - 10:00 PM,Not Provided,"Erinco, Raphael Joshua V.",2026-01-10,Not Provided,Yes
LUC_B08_090,Southstar Drug,Health,Pharmacy,Quezon Avenue,Barangay 8,14.11463706,121.5541726,Not Provided,Open,06:00 AM - 08:00 PM,Not Provided,"Apostol, Janelle Mae A.",2026-01-10,Not Provided,Yes
LUC_B08_091,Ven's Puto Seko,Retail,Bakery,Quezon Avenue,Barangay 8,14.11459711,121.5542154,Not Provided,Open,Not Provided,Not Provided,"Arellano, Arvin L.",2026-01-10,Not Provided,Yes
LUC_B08_092,Lukban Telephone System,Professional Services,Other,Quezon Avenue,Barangay 8,14.11453874,121.5543181,Not Provided,Open,08:00 AM - 05:00 PM,Not Provided,"Erinco, Raphael Joshua V.",2026-01-10,Not Provided,Yes
LUC_B08_093,Edith Bookstore,Retail,Other,Quezon Avenue,Barangay 8,14.114512,121.5543754,Not Provided,Open,Not Provided,Not Provided,"Apostol, Janelle Mae A.",2026-01-10,Not Provided,Yes
LUC_B08_094,Friespamore,Food and Dining,Other,Quezon Avenue,Barangay 8,14.1144506,121.5544467,Not Provided,Open,Not Provided,Not Provided,"Apostol, Janelle Mae A.",2026-01-10,Not Provided,Yes
LUC_B08_095,Pazalonia,Financial,Pawnshop,Quezon Avenue,Barangay 8,14.11441622,121.5544844,Not Provided,Open,Not Provided,Not Provided,"Arellano, Arvin L.",2026-01-10,Not Provided,Yes
LUC_B08_096,Ciamenzo,Professional Services,Printing Shop,Quezon Avenue,Barangay 8,14.11440383,121.5545554,Not Provided,Open,Not Provided,9289092552,"Erinco, Raphael Joshua V.",2026-01-10,Not Provided,Yes
LUC_B08_097,Zuhause Appliances,Retail,Electronics,Quezon Avenue,Barangay 8,14.11439585,121.5546175,Not Provided,Open,Not Provided,9171172389,"Apostol, Janelle Mae A.",2026-01-10,Not Provided,Yes
LUC_B08_098,Turks,Food and Dining,Restaurant,Quezon Avenue,Barangay 8,14.11439456,121.5546859,Not Provided,Open,Not Provided,Not Provided,"Arellano, Arvin L.",2026-01-10,Not Provided,Yes
LUC_B08_099,Patio Rizal Hotel and Restaurant,Accommodation,Hotel,Quezon Avenue,Barangay 8,14.11422361,121.5550794,Not Provided,Open,Not Provided,Not Provided,"Erinco, Raphael Joshua V.",2026-01-10,Not Provided,Yes
LUC_B08_100,Coffee Buddy,Food and Dining,Cafe,Quezon Avenue,Barangay 8,14.11416103,121.5551531,Not Provided,Open,07:30 AM - 11:00 PM,Not Provided,"Apostol, Janelle Mae A.",2026-01-10,Not Provided,Yes
LUC_B08_101,Quickloan Pawnshop,Financial,Pawnshop,Quezon Avenue,Barangay 8,14.11412894,121.5552911,Not Provided,Open,08:30 AM - 05:30 PM,Not Provided,"Arellano, Arvin L.",2026-01-10,Not Provided,Yes
LUC_B08_102,Haven's Brew,Food and Dining,Cafe,Quezon Avenue,Barangay 8,14.11406797,121.5553418,Not Provided,Open,Not Provided,9989580472,"Arellano, Arvin L.",2026-01-10,Not Provided,Yes
LUC_B08_103,The Craft House,Retail,Other,Quezon Avenue,Barangay 8,14.11404247,121.5553726,Not Provided,Closed,Not Provided,Not Provided,"Erinco, Raphael Joshua V.",2026-01-10,Not Provided,Yes
LUC_B08_104,NYJ Gadgets,Professional Services,Electronics,Quezon Avenue,Barangay 8,14.11401191,121.5554072,Not Provided,Open,Not Provided,Not Provided,"Erinco, Raphael Joshua V.",2026-01-10,Not Provided,Yes
LUC_B08_105,Green Telcom,Retail,Electronics,Quezon Avenue,Barangay 8,14.11398486,121.5554315,Not Provided,Open,Not Provided,Not Provided,"Apostol, Janelle Mae A.",2026-01-10,Not Provided,Yes
LUC_B08_106,WASD Computer Shop,Professional Services,Computer Shop,Quezon Avenue,Barangay 8,14.11396863,121.5554598,Not Provided,Open,Not Provided,9307165100,"Arellano, Arvin L.",2026-01-10,Not Provided,Yes
LUC_B08_107,3's Maria's Panaderya,Retail,Bakery,Quezon Avenue,Barangay 8,14.11398752,121.5556309,Not Provided,Open,24/7,Not Provided,"Erinco, Raphael Joshua V.",2026-01-10,Not Provided,Yes
LUC_B08_108,Laguador's Longganisa Lukban,Retail,Other,Quezon Avenue,Barangay 8,14.11395333,121.5557075,Not Provided,Open,Not Provided,Not Provided,"Apostol, Janelle Mae A.",2026-01-10,Not Provided,Yes
LUC_B08_109,Red Ribbon,Retail,Bakery,Quezon Avenue,Barangay 8,14.11376066,121.5557346,Not Provided,Open,08:00 AM - 08:00 PM,Not Provided,"Apostol, Janelle Mae A.",2026-01-10,Not Provided,Yes
LUC_B08_110,JL Salon Spa,Personal Services,Salon,Quezon Avenue,Barangay 8,14.11384199,121.5558042,Not Provided,Open,Not Provided,Not Provided,"Arellano, Arvin L.",2026-01-10,Not Provided,Yes
LUC_B08_111,Marella,Retail,Clothing,Quezon Avenue,Barangay 8,14.11386952,121.5558182,Not Provided,Open,Not Provided,Not Provided,"Erinco, Raphael Joshua V.",2026-01-10,Not Provided,Yes
LUC_B08_112,Franca's Beef Pares ATBP,Food and Dining,Restaurant,Quezon Avenue,Barangay 8,14.11385072,121.5558361,Not Provided,Open,Not Provided,(042) 540-4547,"Apostol, Janelle Mae A.",2026-01-10,Not Provided,Yes
LUC_B08_113,,Retail,Clothing,Quezon Avenue,Barangay 8,14.11383566,121.5558955,Not Provided,Open,Not Provided,Not Provided,"Arellano, Arvin L.",2026-01-10,Ukayan tapat watson,Yes
LUC_B08_114,Sav's Korean Mart,Food and Dining,Restaurant,Quezon Avenue,Barangay 8,14.11386869,121.5559516,Not Provided,Open,Not Provided,Not Provided,"Erinco, Raphael Joshua V.",2026-01-10,Not Provided,Yes
LUC_B08_115,Rural Bank of Mauban,Financial,Bank,Quezon Avenue,Barangay 8,14.11384367,121.5560339,Not Provided,Open,08:00 AM - 04:00 PM,Not Provided,"Apostol, Janelle Mae A.",2026-01-10,Not Provided,Yes
LUC_B08_116,Vivar Salon,Personal Services,Salon,Quezon Avenue,Barangay 8,14.11383,121.5560652,Not Provided,Open,Not Provided,Not Provided,"Arellano, Arvin L.",2026-01-10,Not Provided,Yes
LUC_B08_117,,Retail,Other,Quezon Avenue,Barangay 8,14.11384061,121.5560694,Not Provided,Open,Not Provided,Not Provided,"Erinco, Raphael Joshua V.",2026-01-10,Not Provided,Yes
LUC_B08_118,Macaraan Computer Shop,Professional Services,Computer Shop,Quezon Avenue,Barangay 8,14.11381493,121.5560943,Not Provided,Open,Not Provided,(042) 540-7037,"Apostol, Janelle Mae A.",2026-01-10,Not Provided,Yes
LUC_B08_119,Viewers Digital Solution,Retail,Electronics,Quezon Avenue,Barangay 8,14.11380272,121.5562663,Not Provided,Open,Not Provided,Not Provided,"Apostol, Janelle Mae A.",2026-01-10,Not Provided,Yes
LUC_B08_120,Laguador's Meat Shop,Retail,Other,Balintawak Street,Barangay 8,14.11377521,121.5563416,Not Provided,Open,Not Provided,Not Provided,"Arellano, Arvin L.",2026-01-10,Not Provided,Yes
LUC_B08_121,Shiela's Frozen Product,Retail,Other,San Luis,Barangay 8,14.11392225,121.5564096,Not Provided,Open,Not Provided,Not Provided,"Erinco, Raphael Joshua V.",2026-01-10,Not Provided,Yes
LUC_B08_122,Pahiyas Samu't-Sari,Retail,Souvenir,San Luis,Barangay 8,14.11393276,121.5563604,Not Provided,Open,Not Provided,Not Provided,"Apostol, Janelle Mae A.",2026-01-10,Not Provided,Yes
LUC_B08_123,Bogart's Jumbo Siomai,Food and Dining,Other,San Luis,Barangay 8,14.11395395,121.5562074,Not Provided,Open,Not Provided,Not Provided,"Apostol, Janelle Mae A.",2026-01-10,Not Provided,Yes
LUC_B08_124,,Retail,Clothing,San Luis,Barangay 8,14.11401128,121.5561543,Not Provided,Open,Not Provided,Not Provided,"Arellano, Arvin L.",2026-01-10,Not Provided,Yes
LUC_B08_125,JDO Dental Clinic,Health,Dentist,San Luis,Barangay 8,14.11411308,121.5558421,Not Provided,Open,Not Provided,9859676688,"Erinco, Raphael Joshua V.",2026-01-10,Not Provided,Yes
LUC_B08_126,Raneses Store,Retail,Sari-Sari Store,San Luis,Barangay 8,14.11427837,121.5556835,Not Provided,Open,Not Provided,Not Provided,"Apostol, Janelle Mae A.",2026-01-10,Not Provided,Yes
LUC_B08_127,SchoolBox School and Office Supplies,Retail,Other,San Luis,Barangay 8,14.11424559,121.555654,Not Provided,Open,Not Provided,Not Provided,"Arellano, Arvin L.",2026-01-10,Not Provided,Yes
LUC_B08_128,Mustiola's of Lucban,Food and Dining,Restaurant,Regidor,Barangay 8,14.11440522,121.5554209,Not Provided,Open,Not Provided,Not Provided,"Erinco, Raphael Joshua V.",2026-01-10,Not Provided,Yes
LUC_B08_129,ADZ Printing Shop,Professional Services,Printing Shop,Regidor,Barangay 8,14.11457997,121.5553708,Not Provided,Open,Not Provided,9994937959,"Apostol, Janelle Mae A.",2026-01-10,Not Provided,Yes
LUC_B08_130,Octo Takoyaki,Food and Dining,Other,Regidor,Barangay 8,14.11459477,121.5553897,Not Provided,Open,Not Provided,Not Provided,"Arellano, Arvin L.",2026-01-10,Not Provided,Yes
LUC_B08_131,Chrisford Sizzler Zone,Food and Dining,Restaurant,Regidor,Barangay 8,14.11467516,121.5554132,Not Provided,Open,Not Provided,(042) 540-5251,"Erinco, Raphael Joshua V.",2026-01-10,Ai sizzler,Yes
LUC_B08_132,Lucban Academy,Other,Other,San Luis,Barangay 8,14.11449185,121.5550937,Not Provided,Open,Not Provided,Not Provided,"Apostol, Janelle Mae A.",2026-01-10,Not Provided,Yes
LUC_B08_133,Igo's Rodrigo's Breadhouse,Food and Dining,Cafe,San Luis,Barangay 8,14.1145958,121.5549096,Not Provided,Open,Not Provided,Not Provided,"Apostol, Janelle Mae A.",2026-01-10,Not Provided,Yes
LUC_B08_134,Pavino's Bakery,Food and Dining,Bakery,Rizal Avenue,Barangay 8,14.11466438,121.5548718,Not Provided,Open,Not Provided,Not Provided,"Apostol, Janelle Mae A.",2026-01-10,Not Provided,Yes
LUC_B08_135,Save Health & Meds Generic Pharmacy,Health,Pharmacy,Rizal Avenue,Barangay 8,14.11479097,121.5549509,Not Provided,Open,07:00 AM - 08:00 PM,(042) 540-6177,"Arellano, Arvin L.",2026-01-10,Not Provided,Yes
LUC_B08_136,Raquel Pawnshop,Financial,Pawnshop,Rizal Avenue,Barangay 8,14.11492274,121.55502,Not Provided,Open,Not Provided,Not Provided,"Erinco, Raphael Joshua V.",2026-01-10,Not Provided,Yes
LUC_B08_137,Clinica Rivera Maternity & Surgical Clinic,Health,Clinic,Rizal Avenue,Barangay 8,14.1149744,121.5550701,Not Provided,Open,02:00 PM - 05:00 PM,Not Provided,"Apostol, Janelle Mae A.",2026-01-10,Not Provided,Yes
LUC_B08_138,Barola's Fruit Stand,Food and Dining,Other,Rizal Avenue,Barangay 8,14.11494669,121.5550435,Not Provided,Open,Not Provided,Not Provided,"Arellano, Arvin L.",2026-01-10,Not Provided,Yes
LUC_B08_139,Travel Specialist Ventures,Tourism,Tourism Service,Rizal Avenue,Barangay 8,14.11486944,121.55503,Not Provided,Open,Not Provided,Not Provided,"Erinco, Raphael Joshua V.",2026-01-10,Not Provided,Yes
LUC_B08_140,Onyok's Bulaluhan,Food and Dining,Restaurant,Rizal Avenue,Barangay 8,14.11483187,121.5549839,Not Provided,Open,Not Provided,Not Provided,"Apostol, Janelle Mae A.",2026-01-10,Not Provided,Yes
LUC_B08_141,UCPB,Financial,Bank,Rizal Avenue,Barangay 8,14.11470349,121.5548979,Not Provided,Open,09:00 AM - 04:00 PM,8555-1088,"Erinco, Raphael Joshua V.",2026-01-10,Not Provided,Yes
LUC_B08_142,VEVE,Personal Services,Salon,Rizal Avenue,Barangay 8,14.11447212,121.5548024,Not Provided,Open,Not Provided,9435261800,"Apostol, Janelle Mae A.",2026-01-10,Not Provided,Yes
LUC_B08_143,Potato Corner,Food and Dining,Other,Rizal Avenue,Barangay 8,14.11442199,121.5548476,Not Provided,Open,Not Provided,Not Provided,"Arellano, Arvin L.",2026-01-10,Not Provided,Yes
LUC_B08_144,Vangie's Longganisang Lucban,Food and Dining,Restaurant,San Luis,Barangay 8,14.11467416,121.554689,Not Provided,Open,Not Provided,Not Provided,"Arellano, Arvin L.",2026-01-10,Not Provided,Yes
LUC_B08_145,Klinika Araña,Health,Clinic,San Luis,Barangay 8,14.1147385,121.5546168,Not Provided,Open,10:00 AM - 06:00 PM,Not Provided,"Erinco, Raphael Joshua V.",2026-01-10,Not Provided,Yes
LUC_B08_146,Mags Skin Spa,Personal Services,Salon,San Luis,Barangay 8,14.11474825,121.5546013,Not Provided,Open,Not Provided,9764462171,"Apostol, Janelle Mae A.",2026-01-10,Not Provided,Yes
LUC_B08_147,Old Center,Food and Dining,Restaurant,San Luis,Barangay 8,14.11474414,121.554606,Not Provided,Open,Not Provided,Not Provided,"Arellano, Arvin L.",2026-01-10,Not Provided,Yes
LUC_B08_148,Northpoint,Financial,Bank,San Luis,Barangay 8,14.11479679,121.5545331,Not Provided,Open,09:00 AM - 04:00 PM,Not Provided,"Erinco, Raphael Joshua V.",2026-01-10,Not Provided,Yes
LUC_B08_149,Ocean Photocopier,Professional Services,Printing Shop,San Luis,Barangay 8,14.11481228,121.5544505,Not Provided,Open,Not Provided,Not Provided,"Apostol, Janelle Mae A.",2026-01-10,Not Provided,Yes
LUC_B08_150,Blue Petals Beauty Salon,Personal Services,Salon,San Luis,Barangay 8,14.1148251,121.5544101,Not Provided,Open,Not Provided,Not Provided,"Arellano, Arvin L.",2026-01-10,Not Provided,Yes
LUC_B08_151,Rosman Pharmacy,Health,Pharmacy,San Luis,Barangay 8,14.11485124,121.5543331,Not Provided,Open,Not Provided,Not Provided,"Arellano, Arvin L.",2026-01-10,Not Provided,Yes
LUC_B08_152,Mary Grace Floral Expression,Retail,Other,A. Mabini,Barangay 8,14.11498405,121.5543551,Not Provided,Open,Not Provided,Not Provided,"Arellano, Arvin L.",2026-01-10,Not Provided,Yes
LUC_B08_153,Keritoh,Food and Dining,Other,A. Mabini,Barangay 8,14.11506748,121.5543993,Not Provided,Open,Not Provided,Not Provided,"Erinco, Raphael Joshua V.",2026-01-10,Not Provided,Yes
LUC_B08_154,Kemmi,Food and Dining,Other,A. Mabini,Barangay 8,14.11525946,121.5544062,Not Provided,Open,Not Provided,Not Provided,"Apostol, Janelle Mae A.",2026-01-10,Not Provided,Yes
LUC_B08_155,,Retail,Sari-Sari Store,Gen. Lukban,Barangay 8,14.11518139,121.5530547,Not Provided,Open,Not Provided,Not Provided,"Apostol, Janelle Mae A.",2026-01-10,Not Provided,Yes
LUC_B08_156,Acqua Sicuro,Retail,Other,Gen. Lukban,Barangay 8,14.11495248,121.5528771,Not Provided,Open,Not Provided,Not Provided,"Arellano, Arvin L.",2026-01-10,Not Provided,Yes
LUC_B08_157,Carlos Super Drug,Health,Pharmacy,A. Racelis Avenue,Barangay 8,14.1146935,121.5527803,Not Provided,Open,07:00 AM - 08:00 PM,Not Provided,"Erinco, Raphael Joshua V.",2026-01-10,Not Provided,Yes
LUC_B08_158,Badiola Lozada Optometry & Medical Clinic,Health,Clinic,A. Racelis Avenue,Barangay 8,14.11464343,121.5528902,Not Provided,Open,Not Provided,9196312215,"Erinco, Raphael Joshua V.",2026-01-10,Not Provided,Yes
LUC_B08_159,Angel's Heart,Other,Other,A. Racelis Avenue,Barangay 8,14.11462416,121.5529661,Not Provided,Closed,Not Provided,Not Provided,"Apostol, Janelle Mae A.",2026-01-10,sarado na,Yes
LUC_B08_160,Maguyon Dry Goods,Retail,Grocery,A. Racelis Avenue,Barangay 8,14.11459279,121.5531243,Not Provided,Open,Not Provided,Not Provided,"Arellano, Arvin L.",2026-01-10,Not Provided,Yes
LUC_B08_161,Pearls MPC,Retail,Grocery,A. Racelis Avenue,Barangay 8,14.11459418,121.5531976,Not Provided,Open,Not Provided,Not Provided,"Erinco, Raphael Joshua V.",2026-01-10,Not Provided,Yes
LUC_B08_162,E&N GADGET,Personal Services,Repair Shop,A. Racelis Avenue,Barangay 8,14.11458299,121.5532128,Not Provided,Open,Not Provided,Not Provided,"Apostol, Janelle Mae A.",2026-01-10,Not Provided,Yes
LUC_B08_163,KMB Dog and Cat Clinic,Professional Services,Other,A. Racelis Avenue,Barangay 8,14.11452021,121.5532813,Not Provided,Open,Not Provided,9999416182,"Erinco, Raphael Joshua V.",2026-01-10,Not Provided,Yes
LUC_B08_164,Rural Bank of Magdalena,Financial,Bank,A. Racelis Avenue,Barangay 8,14.11447855,121.5533132,Not Provided,Open,Not Provided,Not Provided,"Apostol, Janelle Mae A.",2026-01-10,Not Provided,Yes
LUC_B08_165,Lotto,Other,Other,A. Racelis Avenue,Barangay 8,14.11445792,121.5534181,Not Provided,Open,Not Provided,Not Provided,"Apostol, Janelle Mae A.",2026-01-10,Not Provided,Yes
LUC_B08_166,Palawan,Financial,Pawnshop,A. Racelis Avenue,Barangay 8,14.11446446,121.5534351,Not Provided,Open,08:00 AM - 05:30 PM,Not Provided,"Arellano, Arvin L.",2026-01-10,Not Provided,Yes
LUC_B09_001,Agee's Food Hub,Food and Dining,Restaurant,La Purisima Concepcion,Barangay 9,14.11479441,121.5559836,First floor,Open,Not Provided,Not Provided,"Salumbides, Emanuel A.",2026-02-10,Not Provided,Yes
LUC_B09_002,The Lemon LAB PH,Food and Dining,Restaurant,Don V. Cadelina,Barangay 9,14.11491013,121.5561251,Not Provided,Open,Not Provided,Not Provided,"Escobal, Gwyneth A.",2026-02-10,Not Provided,Yes
LUC_B09_003,LHCN Fashion Botique,Retail,Clothing,Don V. Cadelina,Barangay 9,14.11503451,121.5560581,First floor,Open,Not Provided,Not Provided,"Reginal, Reynel M.",2026-02-10,Not Provided,Yes
LUC_B09_004,Ropharisa Photo Image,Professional Services,Printing Shop,Regidor,Barangay 9,14.11512294,121.5557111,Second floor,Open,Not Provided,9399079761,"Salumbides, Emanuel A.",2026-02-10,Not Provided,Yes
LUC_B09_005,Dahilig Live Tilapia,Other,Other,Regidor,Barangay 9,14.1151541,121.555698,first floor,Closed,Not Provided,540-4079,"Escobal, Gwyneth A.",2026-02-10,Not Provided,Yes
LUC_B09_006,Colar,Retail,Sari-Sari Store,Regidor,Barangay 9,14.11508457,121.5556251,Not Provided,Closed,Not Provided,Not Provided,"Reginal, Reynel M.",2026-02-10,Not Provided,Yes
LUC_B09_007,Card Inc. Lucban Unit,Financial,Remittance Center,Regidor,Barangay 9,14.11504671,121.5556779,Not Provided,Open,Not Provided,Not Provided,"Salumbides, Emanuel A.",2026-02-10,Not Provided,Yes
LUC_B09_008,Sha-sha Sari-Sari Store,Retail,Sari-Sari Store,Regidor,Barangay 9,14.11493529,121.5556195,Not Provided,Open,Not Provided,Not Provided,"Escobal, Gwyneth A.",2026-02-10,Not Provided,Yes
LUC_B09_009,Sabon Station,Retail,Other,La Purisima Concepcion,Barangay 9,14.11484634,121.5557512,Not Provided,Closed,Not Provided,Not Provided,"Reginal, Reynel M.",2026-02-10,Not Provided,Yes
LUC_B09_010,Jigram,Retail,Sari-Sari Store,La Purisima Concepcion,Barangay 9,14.11484096,121.5558042,Not Provided,Open,Not Provided,Not Provided,"Salumbides, Emanuel A.",2026-02-10,Not Provided,Yes
LUC_B09_011,Angel's Burger,Food and Dining,Fast Food,La Purisima Concepcion,Barangay 9,14.11494866,121.5554993,Not Provided,Open,24/7,Not Provided,"Escobal, Gwyneth A.",2026-02-10,Not Provided,Yes
LUC_B09_012,Bokz Shop,Personal Services,Barbershop,La Purisima Concepcion,Barangay 9,14.1149333,121.5554624,Not Provided,Open,Not Provided,Not Provided,"Reginal, Reynel M.",2026-02-10,Not Provided,Yes
LUC_B09_013,Cabungal Quevedo Optometric Vision Care Clinic,Health,Clinic,La Purisima Concepcion,Barangay 9,14.11497652,121.5554157,Not Provided,Open,Not Provided,Not Provided,"Salumbides, Emanuel A.",2026-02-10,Not Provided,Yes
LUC_B09_014,Kim Pascua,Food and Dining,Restaurant,La Purisima Concepcion,Barangay 9,14.11502688,121.5551993,Second Floor,Open,09:00 AM - 05:30 PM,9691328512,"Escobal, Gwyneth A.",2026-02-10,Not Provided,Yes
LUC_B09_015,Broxas Pavino's,Food and Dining,Bakery,La Purisima Concepcion,Barangay 9,14.11504606,121.5551168,Not Provided,Open,Not Provided,Not Provided,"Reginal, Reynel M.",2026-02-10,Not Provided,Yes
LUC_B09_016,BigMak,Food and Dining,Fast Food,Lucban-Sampaloc Road,Barangay 9,14.11519541,121.5551423,Not Provided,Open,24/7,Not Provided,"Salumbides, Emanuel A.",2026-02-10,Not Provided,Yes
LUC_B09_017,Ayell's,Food and Dining,Eatery,Lucban-Sampaloc Road,Barangay 9,14.1152799,121.5550949,Not Provided,Open,Not Provided,(042) 540-5056,"Escobal, Gwyneth A.",2026-02-10,Not Provided,Yes
LUC_B09_018,Chick's Mix,Food and Dining,Fast Food,Lucban-Sampaloc Road,Barangay 9,14.1153443,121.5551281,Not Provided,Open,Not Provided,Not Provided,"Reginal, Reynel M.",2026-02-10,Not Provided,Yes
LUC_B09_019,Colar,Retail,Clothing,Lopez Jaena,Barangay 9,14.11539792,121.5552466,Not Provided,Open,Not Provided,Not Provided,"Salumbides, Emanuel A.",2026-02-10,Not Provided,Yes
LUC_B09_020,Colar,Retail,Clothing,Lopez Jaena,Barangay 9,14.11542207,121.5552589,Not Provided,Open,Not Provided,Not Provided,"Escobal, Gwyneth A.",2026-02-10,Not Provided,Yes
LUC_B09_021,Marco Polo,Retail,Other,Lopez Jaena,Barangay 9,14.11530119,121.5554958,Not Provided,Open,Not Provided,Not Provided,"Reginal, Reynel M.",2026-02-10,Not Provided,Yes
LUC_B09_022,House of barbeque,Retail,Sari-Sari Store,Lopez Jaena,Barangay 9,14.1151579,121.5557098,Not Provided,Open,Not Provided,Not Provided,"Escobal, Gwyneth A.",2026-02-10,Not Provided,Yes
LUC_B09_023,Pilar,Retail,Sari-Sari Store,Lopez Jaena,Barangay 9,14.11507878,121.5559648,Not Provided,Open,Not Provided,Not Provided,"Reginal, Reynel M.",2026-02-10,Not Provided,Yes
LUC_B09_024,GRLD Tailoring shop,Personal Services,Clothing,Don V. Cadelina,Barangay 9,14.11515565,121.5561632,Not Provided,Open,Not Provided,Not Provided,"Salumbides, Emanuel A.",2026-02-10,Not Provided,Yes
LUC_B09_025,Enthree Print,Professional Services,Printing Shop,Don V. Cadelina,Barangay 9,14.1151683,121.5561971,second floor,Open,Not Provided,Not Provided,"Escobal, Gwyneth A.",2026-02-10,Not Provided,Yes
LUC_B09_026,Motolite,Automotive,Repair Shop,Don V. Cadelina,Barangay 9,14.1152445,121.5562462,Not Provided,Open,Not Provided,Not Provided,"Salumbides, Emanuel A.",2026-02-10,Not Provided,Yes
LUC_B09_027,Bato BBQ,Food and Dining,Eatery,Plaridel,Barangay 9,14.11532828,121.5561197,Not Provided,Open,Not Provided,Not Provided,"Reginal, Reynel M.",2026-02-10,Not Provided,Yes
LUC_B09_028,Rye rye,Retail,Sari-Sari Store,Plaridel,Barangay 9,14.11532399,121.5560392,Not Provided,Open,Not Provided,Not Provided,"Escobal, Gwyneth A.",2026-02-10,Not Provided,Yes
LUC_B09_029,Cebuana Lhuillier,Financial,Remittance Center,Regidor,Barangay 9,14.11531584,121.555777,Not Provided,Open,08:00 AM - 09:00 PM,9283859030,"Salumbides, Emanuel A.",2026-02-10,Not Provided,Yes
LUC_B09_030,El-Vape,Retail,Other,Regidor,Barangay 9,14.1152805,121.5557502,Not Provided,Open,Not Provided,Not Provided,"Reginal, Reynel M.",2026-02-10,Not Provided,Yes
LUC_B09_031,Natal Store,Retail,Sari-Sari Store,Plaridel,Barangay 9,14.11548031,121.5558764,Not Provided,Open,Not Provided,Not Provided,"Escobal, Gwyneth A.",2026-02-10,Not Provided,Yes
LUC_B09_032,Chito's,Food and Dining,Restaurant,Lucban-Sampaloc Road,Barangay 9,14.11558603,121.555418,Not Provided,Open,07:00 AM - 11:00 PM,Not Provided,"Salumbides, Emanuel A.",2026-02-10,Not Provided,Yes
LUC_B09_033,Amaron,Retail,Electronics,Plaridel,Barangay 9,14.11561667,121.5554912,Not Provided,Open,Not Provided,9451394300,"Reginal, Reynel M.",2026-02-10,Not Provided,Yes
LUC_B09_034,Kasipag Microfinancing Inc.,Financial,Bank,Plaridel,Barangay 9,14.11561355,121.5554221,Not Provided,,Not Provided,9150847468,"Escobal, Gwyneth A.",2026-02-10,Not Provided,Yes
LUC_B09_035,Kapedillera,Food and Dining,Cafe,Plaridel,Barangay 9,14.11562134,121.555374,Not Provided,Open,Not Provided,Not Provided,"Reginal, Reynel M.",2026-02-10,Not Provided,Yes
LUC_B09_036,The Crunch,Food and Dining,Fast Food,Lucban-Sampaloc Road,Barangay 9,14.11576523,121.5553685,Not Provided,Open,Not Provided,Not Provided,"Salumbides, Emanuel A.",2026-02-10,Not Provided,Yes
LUC_B09_037,Royal Star,Retail,Electronics,Lucban-Sampaloc Road,Barangay 9,14.11592888,121.5554565,Not Provided,Open,Not Provided,Not Provided,"Escobal, Gwyneth A.",2026-02-10,Not Provided,Yes
LUC_B09_038,Franks,Food and Dining,Fast Food,Lucban-Sampaloc Road,Barangay 9,14.11594851,121.5555244,Not Provided,Open,24/7,Not Provided,"Escobal, Gwyneth A.",2026-02-10,Not Provided,Yes
LUC_B09_039,Hungarian Sausage,Food and Dining,Fast Food,Katipunan,Barangay 9,14.1159442,121.5556696,Not Provided,Open,Not Provided,Not Provided,"Reginal, Reynel M.",2026-02-10,Not Provided,Yes
LUC_B09_040,Mrs. Bubbly's Laundry House,Personal Services,Laundry,Katipunan,Barangay 9,14.11586218,121.555742,Not Provided,Open,Not Provided,Not Provided,"Salumbides, Emanuel A.",2026-02-10,Not Provided,Yes
LUC_B09_041,Chef Manny,Food and Dining,Eatery,Katipunan,Barangay 9,14.11581842,121.5557872,Not Provided,Open,Not Provided,Not Provided,"Escobal, Gwyneth A.",2026-02-10,Not Provided,Yes
LUC_B09_042,VC Print shop,Professional Services,Printing Shop,Katipunan,Barangay 9,14.11576281,121.5558233,Not Provided,Open,Not Provided,Not Provided,"Escobal, Gwyneth A.",2026-02-10,Not Provided,Yes
LUC_B09_043,D.B Varona,Automotive,Parts Shop,Katipunan,Barangay 9,14.1157065,121.5560255,Not Provided,Open,Not Provided,9162837279,"Reginal, Reynel M.",2026-02-10,Not Provided,Yes
LUC_B09_044,Jared's Feeds supply,Retail,Other,Katipunan,Barangay 9,14.11567026,121.5561224,Not Provided,Open,06:00 AM - 09:00 PM,Not Provided,"Salumbides, Emanuel A.",2026-02-10,Not Provided,Yes
LUC_B09_045,Bon Tea,Food and Dining,Cafe,Katipunan,Barangay 9,14.11563187,121.5562656,Not Provided,Open,Not Provided,Not Provided,"Escobal, Gwyneth A.",2026-02-10,Not Provided,Yes
LUC_B09_046,Hazel printing services,Professional Services,Printing Shop,Don V. Cadelina,Barangay 9,14.11548947,121.5563233,Not Provided,Open,Not Provided,Not Provided,"Reginal, Reynel M.",2026-02-10,Not Provided,Yes
LUC_B09_047,D'Seño,Personal Services,Other,Don V. Cadelina,Barangay 9,14.11541732,121.5562682,Not Provided,Open,Not Provided,Not Provided,"Salumbides, Emanuel A.",2026-02-10,Not Provided,Yes
LUC_B09_048,Emilia Emily's Store,Retail,Sari-Sari Store,D. Aguilar,Barangay 9,14.11590295,121.5562583,Not Provided,Open,Not Provided,Not Provided,"Escobal, Gwyneth A.",2026-02-10,Not Provided,Yes
LUC_B09_049,Efren's Lucban Langgonisa,Food and Dining,Restaurant,D. Aguilar,Barangay 9,14.11603514,121.5561043,Not Provided,Open,Not Provided,Not Provided,"Reginal, Reynel M.",2026-02-10,Not Provided,Yes
LUC_B09_050,King's Table,Food and Dining,Restaurant,D. Aguilar,Barangay 9,14.11599096,121.5560614,Not Provided,Open,Not Provided,Not Provided,"Escobal, Gwyneth A.",2026-02-10,Not Provided,Yes
LUC_B09_051,Mark Store,Retail,Sari-Sari Store,Lucban-Sampaloc Road,Barangay 9,14.11605906,121.5555155,Not Provided,Open,Not Provided,Not Provided,"Salumbides, Emanuel A.",2026-02-10,Not Provided,Yes
LUC_B09_052,RLE Roofing Materials Trading,Retail,Other,Lucban-Sampaloc Road,Barangay 9,14.11619644,121.5555867,Not Provided,Open,Not Provided,Not Provided,"Reginal, Reynel M.",2026-02-10,Not Provided,Yes
LUC_B09_053,Joes Lugaw House,Food and Dining,Eatery,Lucban-Sampaloc Road,Barangay 9,14.11626402,121.5556183,Not Provided,Open,Not Provided,Not Provided,"Escobal, Gwyneth A.",2026-02-10,Not Provided,Yes
LUC_B09_054,Jepoy Sisig,Food and Dining,Fast Food,Lucban-Sampaloc Road,Barangay 9,14.11635526,121.5556405,Not Provided,Open,Not Provided,Not Provided,"Salumbides, Emanuel A.",2026-02-10,Not Provided,Yes
LUC_B09_055,Yobu Cafe,Food and Dining,Eatery,Lucban-Sampaloc Road,Barangay 9,14.11636117,121.5556463,Not Provided,Open,Not Provided,Not Provided,"Escobal, Gwyneth A.",2026-02-10,Not Provided,Yes
LUC_B09_056,Child development center,Government,Barangay Office,A. Dela Cruz,Barangay 9,14.11638493,121.555968,Not Provided,Open,Not Provided,Not Provided,"Javin, Mark Justine P.",2026-03-10,Not Provided,Yes
LUC_B09_057,Jhenyzelle Store,Retail,Sari-Sari Store,Regidor,Barangay 9,14.11621044,121.556239,Not Provided,Open,Not Provided,Not Provided,"Escobal, Gwyneth A.",2026-03-10,Not Provided,Yes
LUC_B09_058,Aling Nelia's,Food and Dining,Fast Food,A. Dela Cruz,Barangay 9,14.11624474,121.556255,Not Provided,Closed,Not Provided,Not Provided,"Salumbides, Emanuel A.",2026-03-10,Not Provided,Yes
LUC_B09_059,Rissa Mini Store,Retail,Sari-Sari Store,A. Dela Cruz,Barangay 9,14.11615386,121.5563095,Not Provided,Open,Not Provided,Not Provided,"Reginal, Reynel M.",2026-03-10,Not Provided,Yes
LUC_B09_060,Valor Builders,Accommodation,Boarding House,A. Dela Cruz,Barangay 9,14.11617414,121.5563599,Not Provided,Open,Not Provided,Not Provided,"Javin, Mark Justine P.",2026-03-10,Not Provided,Yes
LUC_B09_061,A.K.K Sari sari store,Retail,Sari-Sari Store,Don V. Cadelina,Barangay 9,14.11629898,121.5566755,Not Provided,Open,Not Provided,Not Provided,"Escobal, Gwyneth A.",2026-03-10,Not Provided,Yes
LUC_B09_062,Hello gorgeous,Personal Services,Salon,Don V. Cadelina,Barangay 9,14.11633522,121.5566799,Not Provided,Closed,Not Provided,Not Provided,"Salumbides, Emanuel A.",2026-03-10,Not Provided,Yes
LUC_B09_063,Payeah's special kakanin,Food and Dining,Other,C. Arellano,Barangay 9,14.11634918,121.5566187,Not Provided,Open,Not Provided,9477589628,"Reginal, Reynel M.",2026-03-10,Not Provided,Yes
LUC_B09_064,Cordians credit corporation,Financial,Remittance Center,C. Arellano,Barangay 9,14.1163777,121.5565394,Not Provided,Open,Not Provided,Not Provided,"Javin, Mark Justine P.",2026-03-10,Not Provided,Yes
LUC_B09_065,Fa Skin,Retail,Other,Regidor,Barangay 9,14.11642995,121.5562689,Not Provided,Open,Not Provided,Not Provided,"Escobal, Gwyneth A.",2026-03-10,Beauty products,Yes
LUC_B09_066,Queen's,Accommodation,Inn,Regidor,Barangay 9,14.11642227,121.5563179,Fourth Floor,Open,Not Provided,9988465078,"Salumbides, Emanuel A.",2026-03-10,Not Provided,Yes
LUC_B09_067,Sunny's Store,Retail,Sari-Sari Store,Regidor,Barangay 9,14.11631071,121.5563043,Not Provided,Open,Not Provided,Not Provided,"Reginal, Reynel M.",2026-03-10,Not Provided,Yes
LUC_B09_068,Barik Liquor store,Retail,Other,Regidor,Barangay 9,14.11628152,121.5562567,Not Provided,Open,Not Provided,Not Provided,"Reginal, Reynel M.",2026-03-10,Liquor,Yes
LUC_B09_069,Kingdom Hall,Other,Other,C. Arellano,Barangay 9,14.11659556,121.5561845,Not Provided,Open,Not Provided,Not Provided,"Javin, Mark Justine P.",2026-03-10,Chapel,Yes
LUC_B09_070,Apo ni eker,Retail,Sari-Sari Store,Lucban-Sampaloc Road,Barangay 9,14.11690602,121.5559322,Not Provided,Open,Not Provided,Not Provided,"Escobal, Gwyneth A.",2026-03-10,Not Provided,Yes
LUC_B09_071,Centro Bambino,Professional Services,Other,Lucban-Sampaloc Road,Barangay 9,14.11693442,121.555952,Not Provided,Open,Not Provided,9766576884,"Salumbides, Emanuel A.",2026-03-10,Child care and development center,Yes
LUC_B09_072,Lulugawan kita,Food and Dining,Eatery,Lucban-Sampaloc Road,Barangay 9,14.11698288,121.5559423,Not Provided,Open,Not Provided,Not Provided,"Reginal, Reynel M.",2026-03-10,Not Provided,Yes
LUC_B09_073,Abcede,Retail,Sari-Sari Store,Lucban-Sampaloc Road,Barangay 9,14.11713238,121.5559589,Not Provided,Open,Not Provided,Not Provided,"Javin, Mark Justine P.",2026-03-10,Not Provided,Yes
LUC_B09_074,Mang budong,Food and Dining,Bakery,Lucban-Sampaloc Road,Barangay 9,14.11714414,121.555964,Not Provided,Open,Not Provided,Not Provided,"Escobal, Gwyneth A.",2026-03-10,Not Provided,Yes
LUC_B09_075,Belle & Glam,Personal Services,Salon,Lucban-Sampaloc Road,Barangay 9,14.11723239,121.5561039,Not Provided,Open,Not Provided,9608518275,"Salumbides, Emanuel A.",2026-03-10,Not Provided,Yes
LUC_B09_076,Abad Perez optical,Health,Clinic,Lucban-Sampaloc Road,Barangay 9,14.11724875,121.556111,Not Provided,Open,Not Provided,Not Provided,"Reginal, Reynel M.",2026-03-10,Not Provided,Yes
LUC_B09_077,Liza Store,Retail,Other,Jose Eleazar,Barangay 9,14.11718251,121.556355,Not Provided,Open,Not Provided,Not Provided,"Javin, Mark Justine P.",2026-03-10,Meat shop,Yes
LUC_B09_078,Levy Store,Retail,Sari-Sari Store,,Barangay 9,14.11687437,121.5565175,Regidor,Open,Not Provided,Not Provided,"Javin, Mark Justine P.",2026-03-10,Not Provided,Yes
LUC_B09_079,Khaiz Food hub,Food and Dining,Fast Food,Regidor,Barangay 9,14.11682075,121.5564766,Not Provided,Open,Not Provided,Not Provided,"Javin, Mark Justine P.",2026-03-10,Not Provided,Yes
LUC_B09_080,Anita E. Caidac,Retail,Sari-Sari Store,Regidor,Barangay 9,14.11680705,121.5564703,Not Provided,Open,Not Provided,Not Provided,"Javin, Mark Justine P.",2026-03-10,Not Provided,Yes
LUC_B09_081,Rowana's Sari sari store,Retail,Sari-Sari Store,Regidor,Barangay 9,14.11683326,121.5564824,Not Provided,Closed,Not Provided,Not Provided,"Javin, Mark Justine P.",2026-03-10,Not Provided,Yes
LUC_B09_082,Myrna Store,Retail,Sari-Sari Store,Regidor,Barangay 9,14.11664379,121.5563903,Not Provided,Open,Not Provided,Not Provided,"Javin, Mark Justine P.",2026-03-10,Not Provided,Yes
LUC_B09_083,Semiona Store,Retail,Sari-Sari Store,Jose Eleazar,Barangay 9,14.11695454,121.5567863,Not Provided,Open,Not Provided,Not Provided,"Javin, Mark Justine P.",2026-03-10,Not Provided,Yes
LUC_B09_084,Sean's Store,Retail,Sari-Sari Store,Don V. Cadelina,Barangay 9,14.11683548,121.5568592,Not Provided,Open,Not Provided,Not Provided,"Escobal, Gwyneth A.",2026-03-10,Not Provided,Yes
LUC_B09_085,Angle Dome Repair shop,Automotive,Repair Shop,Jose Eleazar,Barangay 9,14.11689387,121.5568891,Not Provided,Open,Not Provided,Not Provided,"Salumbides, Emanuel A.",2026-03-10,Not Provided,Yes
LUC_B09_086,Naj's & Zaida,Personal Services,Salon,Don V. Cadelina,Barangay 9,14.11708467,121.5570616,Not Provided,Open,Not Provided,Not Provided,"Reginal, Reynel M.",2026-03-10,Not Provided,Yes
LUC_B09_087,Charm's Beauty aesthetic clinic,Health,Clinic,Don V. Cadelina,Barangay 9,14.11728727,121.5571295,Not Provided,Open,Not Provided,Not Provided,"Javin, Mark Justine P.",2026-03-10,Beauty clinic,Yes
LUC_B09_088,Ryan's store,Retail,Sari-Sari Store,Don V. Cadelina,Barangay 9,14.11756914,121.5572411,Not Provided,Open,Not Provided,Not Provided,"Escobal, Gwyneth A.",2026-03-10,Not Provided,Yes
LUC_B09_089,Mylene's gulayan,Retail,Sari-Sari Store,Regidor,Barangay 9,14.11790498,121.5570778,Not Provided,Open,Not Provided,Not Provided,"Salumbides, Emanuel A.",2026-03-10,Not Provided,Yes
LUC_B09_090,Saludares Sari-sari store,Retail,Sari-Sari Store,Claro Cabungcal,Barangay 9,14.11796918,121.5570241,Not Provided,Open,Not Provided,Not Provided,"Reginal, Reynel M.",2026-03-10,Not Provided,Yes
LUC_B09_091,Bartolome's store,Retail,Sari-Sari Store,Claro Cabungcal,Barangay 9,14.11795289,121.5570224,Not Provided,Open,Not Provided,Not Provided,"Javin, Mark Justine P.",2026-03-10,Not Provided,Yes
LUC_B09_092,Awe's Gift Shop,Retail,Souvenir,Claro Cabungcal,Barangay 9,14.11803206,121.5569894,Not Provided,Open,Not Provided,Not Provided,"Escobal, Gwyneth A.",2026-03-10,Not Provided,Yes
LUC_B09_093,Sita's Store,Retail,Sari-Sari Store,Claro Cabungcal,Barangay 9,14.11807042,121.5569707,Not Provided,Open,Not Provided,Not Provided,"Salumbides, Emanuel A.",2026-03-10,Not Provided,Yes
LUC_B09_094,Beauty's Center,Personal Services,Other,Regidor,Barangay 9,14.11785939,121.5570033,Not Provided,Open,Not Provided,Not Provided,"Escobal, Gwyneth A.",2026-03-10,Bridal bouquet,Yes
LUC_B09_095,Sabon Station,Personal Services,Other,Regidor,Barangay 9,14.11780308,121.5570256,Not Provided,Open,Not Provided,Not Provided,"Salumbides, Emanuel A.",2026-03-10,Cleaning services,Yes
LUC_B09_096,KiahElla's Store,Retail,Other,Regidor,Barangay 9,14.11772045,121.5568952,Not Provided,Open,Not Provided,Not Provided,"Reginal, Reynel M.",2026-03-10,Online Store,Yes
LUC_B09_097,Naning mini store,Retail,Sari-Sari Store,Regidor,Barangay 9,14.11759531,121.5569198,Not Provided,Open,Not Provided,Not Provided,"Salumbides, Emanuel A.",2026-03-10,Not Provided,Yes
LUC_B09_098,Lavania Laundry station,Personal Services,Laundry,Regidor,Barangay 9,14.11736865,121.556793,Not Provided,Open,07:00 AM - 07:00 PM,9208344071,"Javin, Mark Justine P.",2026-03-10,Not Provided,Yes
LUC_B09_099,JSP,Retail,Sari-Sari Store,Regidor,Barangay 9,14.11715336,121.5565891,Not Provided,Open,Not Provided,Not Provided,"Escobal, Gwyneth A.",2026-03-10,Not Provided,Yes
LUC_B09_100,Hannz's mini store,Retail,Sari-Sari Store,Regidor,Barangay 9,14.11712377,121.5566037,Not Provided,Open,Not Provided,Not Provided,"Reginal, Reynel M.",2026-03-10,Not Provided,Yes
LUC_B09_101,Melinda's Eatery,Food and Dining,Eatery,Jose Eleazar,Barangay 9,14.11726142,121.556403,Not Provided,Open,Not Provided,9127909256,"Javin, Mark Justine P.",2026-03-10,Not Provided,Yes
LUC_B09_102,Atlas Internet Cafe,Professional Services,Computer Shop,Jose Eleazar,Barangay 9,14.11747091,121.5565286,Not Provided,Open,Not Provided,Not Provided,"Escobal, Gwyneth A.",2026-03-10,Not Provided,Yes
LUC_B09_103,BAJAR,Retail,Grocery,Claro Cabungcal,Barangay 9,14.11807282,121.5567916,Not Provided,Open,Not Provided,Not Provided,"Reginal, Reynel M.",2026-03-10,Not Provided,Yes
LUC_B09_104,Pecto's bakery,Food and Dining,Bakery,Lucban-Sampaloc Road,Barangay 9,14.11816671,121.5565687,Not Provided,Open,Not Provided,Not Provided,"Javin, Mark Justine P.",2026-03-10,Not Provided,Yes
LUC_B09_105,Nigazz House of Ramen,Food and Dining,Restaurant,Lucban-Sampaloc Road,Barangay 9,14.11808365,121.5565486,Not Provided,Open,Not Provided,Not Provided,"Escobal, Gwyneth A.",2026-03-10,Not Provided,Yes
LUC_B09_106,Celvie Auto Supply,Automotive,Parts Shop,Lucban-Sampaloc Road,Barangay 9,14.11808681,121.556532,Not Provided,Closed,Not Provided,Not Provided,"Salumbides, Emanuel A.",2026-03-10,Not Provided,Yes
LUC_B09_107,CNJ Moto Shop,Automotive,Parts Shop,Lucban-Sampaloc Road,Barangay 9,14.11801484,121.5564859,Not Provided,Open,Not Provided,Not Provided,"Reginal, Reynel M.",2026-03-10,Not Provided,Yes
LUC_B09_108,Buena's Arrozcaldo,Food and Dining,Eatery,Lucban-Sampaloc Road,Barangay 9,14.11795752,121.5564624,Not Provided,Open,Not Provided,Not Provided,"Javin, Mark Justine P.",2026-03-10,Not Provided,Yes
LUC_B09_109,Auxel Water station,Retail,Other,Lucban-Sampaloc Road,Barangay 9,14.11794486,121.5564462,Not Provided,Open,Not Provided,9193357825,"Escobal, Gwyneth A.",2026-03-10,Not Provided,Yes
LUC_B09_110,Wine & Beer,Retail,Sari-Sari Store,Lucban-Sampaloc Road,Barangay 9,14.1178739,121.5564393,Not Provided,Open,Not Provided,Not Provided,"Salumbides, Emanuel A.",2026-03-10,Not Provided,Yes
LUC_B09_111,One day express laundry,Personal Services,Laundry,Lucban-Sampaloc Road,Barangay 9,14.11776347,121.5563463,Not Provided,Open,Not Provided,Not Provided,"Reginal, Reynel M.",2026-03-10,Not Provided,Yes
LUC_B09_112,Yholly store,Retail,Sari-Sari Store,Lucban-Sampaloc Road,Barangay 9,14.11772008,121.5563162,Not Provided,Open,Not Provided,Not Provided,"Escobal, Gwyneth A.",2026-03-10,Not Provided,Yes
LUC_B09_113,Barbershop,Personal Services,Barbershop,Lucban-Sampaloc Road,Barangay 9,14.11762704,121.556318,Not Provided,Open,Not Provided,Not Provided,"Javin, Mark Justine P.",2026-03-10,Not Provided,Yes
LUC_B09_114,4 KM Coffee,Food and Dining,Cafe,Lucban-Sampaloc Road,Barangay 9,14.11759034,121.5562906,Not Provided,Open,Not Provided,Not Provided,"Escobal, Gwyneth A.",2026-03-10,Not Provided,Yes
LUC_B09_115,Daza Crispy's,Food and Dining,Fast Food,Lucban-Sampaloc Road,Barangay 9,14.11738266,121.5561755,Not Provided,Open,Not Provided,9178648190,"Salumbides, Emanuel A.",2026-03-10,Not Provided,Yes
LUC_B09_116,Reed Rain Store,Retail,Sari-Sari Store,Claro Cabungcal,Barangay 9,14.11817423,121.5566229,Not Provided,Open,Not Provided,Not Provided,"Reginal, Reynel M.",2026-03-10,Not Provided,Yes
LUC_B09_117,Mabulay Store,Food and Dining,Eatery,Lucban-Sampaloc Road,Barangay 9,14.11825765,121.5566347,Not Provided,Open,Not Provided,Not Provided,"Javin, Mark Justine P.",2026-03-10,Not Provided,Yes
LUC_B09_118,Manok ni Kulet,Food and Dining,Fast Food,Lucban-Sampaloc Road,Barangay 9,14.11838253,121.5566909,Not Provided,Open,Not Provided,Not Provided,"Escobal, Gwyneth A.",2026-03-10,Not Provided,Yes
LUC_B09_119,Luminario design,Professional Services,Printing Shop,Lucban-Sampaloc Road,Barangay 9,14.11842687,121.5566882,Not Provided,Open,Not Provided,Not Provided,"Salumbides, Emanuel A.",2026-03-10,Not Provided,Yes
LUC_B09_120,Cleanic Project,Health,Clinic,Lucban-Sampaloc Road,Barangay 9,14.11860202,121.5568093,Not Provided,Closed,Not Provided,Not Provided,"Reginal, Reynel M.",2026-03-10,Not Provided,Yes
LUC_B09_121,Kusina ni allan,Food and Dining,Eatery,Lucban-Sampaloc Road,Barangay 9,14.11862017,121.5568157,Not Provided,Open,Not Provided,Not Provided,"Javin, Mark Justine P.",2026-03-10,Not Provided,Yes
LUC_B09_122,Marinduqueños,Food and Dining,Fast Food,Lucban-Sampaloc Road,Barangay 9,14.11867695,121.5568589,Not Provided,Open,Not Provided,Not Provided,"Escobal, Gwyneth A.",2026-03-10,Not Provided,Yes
LUC_B09_123,Malen store,Retail,Sari-Sari Store,Gil Rada,Barangay 9,14.11868764,121.5569617,Not Provided,Open,Not Provided,Not Provided,"Salumbides, Emanuel A.",2026-03-10,Not Provided,Yes
LUC_B09_124,Lena's Store,Retail,Sari-Sari Store,Gil Rada,Barangay 9,14.11838744,121.5575563,Not Provided,Open,Not Provided,Not Provided,"Reginal, Reynel M.",2026-03-10,Not Provided,Yes
LUC_B09_125,Rosalyn store,Retail,Sari-Sari Store,Don V. Cadelina,Barangay 9,14.11816437,121.557447,Not Provided,Open,Not Provided,Not Provided,"Javin, Mark Justine P.",2026-03-10,Not Provided,Yes
LUC_B09_126,Petron Gasul,Retail,Other,Lucban-Sampaloc Road,Barangay 9,14.11881973,121.5569378,Not Provided,Open,Not Provided,Not Provided,"Escobal, Gwyneth A.",2026-03-10,Gasul,Yes
